,011,011_구직,011_채용,012,012_구직,012_채용,013,013_구직,013_채용,015,015_구직,015_채용,016,016_구직,016_채용,022,022_구직,022_채용,023,023_구직,023_채용,024,024_구직,024_채용,025,025_구직,025_채용,026,026_구직,026_채용,027,027_구직,027_채용,028,028_구직,028_채용,029,029_구직,029_채용,031,031_구직,031_채용,032,032_구직,032_채용,033,033_구직,033_채용,110,110_구직,110_채용,121,121_구직,121_채용,122,122_구직,122_채용,131,131_구직,131_채용,132,132_구직,132_채용,133,133_구직,133_채용,134,134_구직,134_채용,135,135_구직,135_채용,136,136_구직,136_채용,140,140_구직,140_채용,151,151_구직,151_채용,152,152_구직,152_채용,153,153_구직,153_채용,154,154_구직,154_채용,155,155_구직,155_채용,156,156_구직,156_채용,157,157_구직,157_채용,158,158_구직,158_채용,159,159_구직,159_채용,211,211_구직,211_채용,212,212_구직,212_채용,213,213_구직,213_채용,214,214_구직,214_채용,215,215_구직,215_채용,221,221_구직,221_채용,222,222_구직,222_채용,231,231_구직,231_채용,232,232_구직,232_채용,301,301_구직,301_채용,303,303_구직,303_채용,304,304_구직,304_채용,305,305_구직,305_채용,306,306_구직,306_채용,307,307_구직,307_채용,411,411_구직,411_채용,412,412_구직,412_채용,413,413_구직,413_채용,414,414_구직,414_채용,415,415_구직,415_채용,416,416_구직,416_채용,420,420_구직,420_채용,511,511_구직,511_채용,512,512_구직,512_채용,521,521_구직,521_채용,523,523_구직,523_채용,524,524_구직,524_채용,531,531_구직,531_채용,532,532_구직,532_채용,541,541_구직,541_채용,542,542_구직,542_채용,550,550_구직,550_채용,561,561_구직,561_채용,562,562_구직,562_채용,612,612_구직,612_채용,613,613_구직,613_채용,615,615_구직,615_채용,616,616_구직,616_채용,617,617_구직,617_채용,621,621_구직,621_채용,622,622_구직,622_채용,623,623_구직,623_채용,624,624_구직,624_채용,701,701_구직,701_채용,702,702_구직,702_채용,703,703_구직,703_채용,704,704_구직,704_채용,705,705_구직,705_채용,706,706_구직,706_채용,811,811_구직,811_채용,812,812_구직,812_채용,813,813_구직,813_채용,814,814_구직,814_채용,815,815_구직,815_채용,816,816_구직,816_채용,817,817_구직,817_채용,821,821_구직,821_채용,822,822_구직,822_채용,823,823_구직,823_채용,824,824_구직,824_채용,825,825_구직,825_채용,826,826_구직,826_채용,831,831_구직,831_채용,832,832_구직,832_채용,833,833_구직,833_채용,834,834_구직,834_채용,835,835_구직,835_채용,836,836_구직,836_채용,841,841_구직,841_채용,842,842_구직,842_채용,851,851_구직,851_채용,852,852_구직,852_채용,853,853_구직,853_채용,861,861_구직,861_채용,862,862_구직,862_채용,864,864_구직,864_채용,871,871_구직,871_채용,872,872_구직,872_채용,873,873_구직,873_채용,881,881_구직,881_채용,882,882_구직,882_채용,883,883_구직,883_채용,885,885_구직,885_채용,890,890_구직,890_채용,901,901_구직,901_채용,전직종,전직종_구직,전직종_채용
2008.1/2,6586,153,143,47852,328,322,65474,769,702,21328,629,563,40855,980,860,12839,594,304,15110,503,144,13344,1141,769,673790,27157,23378,673790,27157,23378,315295,17979,15042,416670,17705,13856,238169,26450,23354,36908,1436,1264,258412,8929,8257,449767,24969,17694,7414,573,533,19501,1396,1293,19501,1396,1293,21260,2153,1891,21762,1173,845,98517,11941,8489,75950,7332,5986,21762,1173,845,62487,3509,2943,223791,18851,15929,96215,5984,4602,11688,584,367,115077,6633,5225,24832,1309,1122,44471,1834,1447,2504,183,139,4826,578,543,31884,1086,854,116897,15078,10005,121346,15782,15415,78255,5947,5893,23074,5001,4894,99656,13255,11761,91013,8089,7986,5402,171,169,14440,649,592,21567,1814,1677,78530,15938,15522,46885,6766,6325,7565,1056,955,119368,14492,11220,14760,1327,1256,169768,19189,15607,121704,11923,10990,7123,826,764,14529,386,344,4130,344,330,9924,332,314,85013,13992,9151,19888,1189,1107,22336,1644,1496,14340,2071,1336,4132,313,250,12369,1232,1066,7137,515,382,2316,339,328,90335,8438,6701,143912,24627,19036,23847,2675,2324,165851,15611,15176,154157,24064,22983,162712,16332,15657,37436,2423,2174,425371,22970,17045,148414,18259,16099,207371,27354,24201,54706,8067,6023,58957,9095,8102,21058,956,858,322823,39264,24722,33322,2107,1954,63858,5598,4654,66897,4477,3912,61241,4001,3353,12801,1361,1061,21091,1397,1346,7992,517,355,68256,16259,15891,92402,4728,3309,67411,5105,3900,130327,11780,8064,18781,1535,1119,9704,454,182,68873,3189,2418,186648,8216,6778,83775,3466,2757,25225,1766,1298,28049,1498,791,71465,6640,4806,41654,3266,2582,40478,3563,2115,43347,4060,3259,46418,5661,4418,15375,163,153,79980,4317,3755,89901,7240,5675,171271,15169,12326,46418,5661,4418,62487,3509,2943,22369,317,248,132978,11245,7125,11358,612,546,47747,2607,2150,48728,2438,1677,15702,498,392,8193,867,612,32675,2619,2203,50157,2163,1689,30849,1307,948,38115,1226,990,23384,1421,1159,40959,2526,1970,147677,16510,12334,9215,1123,1110,7768188,625301,511602
2008.2/2,5983,57,59,49170,231,227,65403,290,286,22410,244,203,43898,423,282,8607,251,253,9270,263,217,14633,460,371,691228,15519,13883,691228,15519,13883,329000,11443,8602,421677,13577,10695,229966,15461,12939,28322,1096,1065,281420,7777,7039,535273,22986,16443,12414,529,490,20065,601,542,20065,601,542,19816,814,623,21711,831,765,108485,8826,6240,79115,4264,3976,21711,831,765,60878,2344,1938,213442,14938,12006,82478,3475,2221,11755,343,362,128472,5135,3844,32463,1851,1385,47609,1857,1498,3274,81,53,4615,155,95,32198,1077,932,128039,12237,7673,125645,9604,9082,102811,1815,1972,27744,599,467,107186,7586,6072,116010,2784,2949,4374,147,146,16662,462,322,23646,1277,1223,84602,5690,5453,47941,1081,924,7857,332,285,122120,10288,7975,15715,614,640,172543,12767,10090,125728,9315,8486,9797,396,350,12795,296,262,4780,104,113,6039,499,442,95841,11160,6741,16930,719,618,20760,840,756,12981,1395,937,4463,353,262,8427,208,201,6994,549,440,2025,191,184,71301,3292,2641,133177,15774,11675,24933,2253,1947,149989,14391,13732,162542,13047,12167,189742,10640,10061,43275,3505,3132,492410,20885,15550,131136,16730,13686,179542,27081,22838,58380,4308,3563,48406,10351,9152,23300,505,524,334308,31452,18342,38658,1298,1303,75459,3841,3581,51291,5034,4201,56284,3184,2939,22487,1366,1236,17791,697,684,6524,638,705,69370,9290,8933,89212,3910,3265,68732,4598,3520,141505,6720,4709,34093,1533,1159,7868,324,298,72092,3970,2599,194200,7875,5452,72235,3304,2421,28522,951,647,25206,1787,1309,64125,4372,2937,43229,2011,1146,46430,2154,1265,50094,4095,2796,40609,1542,1017,14342,242,219,84550,3946,3335,108039,3632,2818,184618,13989,10933,40609,1542,1017,60878,2344,1938,20390,731,362,143657,8118,5426,11417,295,230,48714,4925,4030,38646,1641,1050,14692,251,343,7940,721,472,38750,3175,2423,42147,2605,2185,29618,1822,1371,36778,2448,1820,22437,1984,1161,36592,2541,1470,133047,9302,7392,8381,198,191,7959995,442562,349357
2009.1/2,7181,102,94,49865,294,274,67183,395,370,20401,387,260,32586,447,203,16617,433,358,13610,154,32,15196,749,466,692456,16674,14786,692456,16674,14786,321135,12047,9412,415047,9824,7547,266558,20584,18242,27621,308,273,259881,8560,7746,450457,16513,12472,7439,943,846,22559,1389,1333,22559,1389,1333,31013,1254,1041,17121,512,362,116153,8932,6478,94020,3870,2740,17121,512,362,66244,2410,1962,218384,14181,11242,101989,4250,2726,13472,523,443,119943,6780,5942,29575,1477,1181,55495,2026,1730,2936,121,95,5193,374,302,38515,1138,1064,115506,6335,4500,130535,18611,18197,77816,5708,5536,24168,4001,3979,104548,9463,8429,89928,7430,7258,6752,149,140,16019,716,655,33566,3015,2522,89475,13725,13005,47499,5364,5076,7978,611,561,122882,10663,8845,15258,1097,1064,176505,13670,11633,146550,11291,9999,11572,733,721,16619,242,218,4816,241,238,5612,265,223,76991,5197,3436,20766,880,783,25707,1658,1581,14331,1097,777,4920,312,291,10912,537,499,7900,293,240,3542,192,190,84407,3571,3122,162805,18675,16054,21419,1020,945,167054,11798,11349,187206,22281,20458,177200,10392,9974,35507,2766,2625,407544,14205,10763,155664,14025,9785,206208,17784,13158,64304,2792,2595,50544,3759,3373,23078,889,804,345487,28119,16842,34743,864,678,81646,3375,2902,54514,3434,3154,79262,2034,1698,25081,1431,1239,17743,633,507,8225,220,192,77933,7973,7812,87370,2732,2269,62741,1246,990,139077,6465,4053,26419,684,658,8073,112,34,69651,1682,1022,213037,3879,2570,69630,1375,915,25925,987,689,19752,839,670,73049,2979,2187,43900,2727,1867,42551,1643,1170,51053,3442,3050,41716,1707,1164,14469,123,123,83064,2121,1970,100138,2802,2246,147611,8376,6386,41716,1707,1164,66244,2410,1962,23607,405,360,132234,11354,7154,12211,503,179,40281,1255,922,42006,1886,709,15378,367,332,10663,691,475,38878,2485,1808,37025,1447,1102,28778,1365,1185,31932,1629,1219,17549,1175,978,37925,1596,1446,178447,9599,7746,9662,848,775,8048203,424897,348387
2009.2/2,7899,96,96,49580,247,232,65800,412,397,26632,362,304,35665,567,351,10787,322,297,12978,489,283,17062,574,562,689046,15123,13658,689046,15123,13658,326722,12238,10264,397606,13560,10817,279261,21230,18667,29410,1081,1014,265060,10493,9873,456985,20393,16046,7317,471,436,19250,896,867,19250,896,867,30052,1183,855,19583,1061,606,110789,7113,5121,96957,4938,3786,19583,1061,606,66217,2802,2146,251395,13984,12170,98994,4432,3255,14155,352,312,113965,5118,3599,30456,1088,848,66419,2301,1903,2835,121,115,6668,268,228,46688,1540,1319,126499,7253,5759,120278,17708,17548,85715,2906,2885,29311,472,472,113138,6620,5470,96616,3727,3605,6957,654,639,18211,608,602,36359,1742,1598,92816,5412,4639,46256,941,783,8242,455,414,125895,7739,5929,14160,493,427,182864,10236,8191,154306,11445,10014,7407,380,342,16879,422,384,4740,123,117,6062,362,320,79811,5713,4440,19262,864,773,24123,1276,1202,17755,1851,1418,3752,213,200,12379,625,533,9008,1067,847,7747,264,225,80955,4133,3475,154482,20780,17028,25489,2267,2084,166146,11426,10710,197892,15244,13147,187080,10783,10230,39365,3748,3361,417103,17820,13758,157229,14616,12542,214186,18635,15898,63494,4285,3739,56957,4019,3356,17240,315,280,347439,27012,17197,37817,779,694,79880,5809,5299,62130,4754,3583,63595,3051,2788,26617,2415,2314,18393,608,542,6682,790,778,65603,17758,17212,90524,3846,2821,60709,2225,1687,137517,7665,5468,26817,1085,1026,4503,151,142,76480,4733,2730,208257,9318,6445,73970,3119,2345,23264,1229,980,19276,1101,704,71166,3447,2330,43376,2741,1817,43823,2577,1575,47227,3503,3335,34125,1240,1070,14666,684,667,83653,3178,3005,97627,7049,6016,136039,12035,9807,34125,1240,1070,66217,2802,2146,23828,476,446,128901,8786,5682,13703,587,314,42682,2066,1492,44987,1760,1424,11285,755,699,10329,664,561,43271,4637,3288,35798,1984,1710,34821,2221,1827,36303,2590,1866,17073,1606,908,39563,2173,1541,205720,20152,15801,11832,657,586,8128516,465248,383229
2010.1/2,8293,125,120,52419,521,468,72597,693,619,26215,837,757,41738,824,682,17160,896,842,14105,214,197,22203,1841,1537,795417,23808,20891,795417,23808,20891,365722,16105,13059,438571,18003,14160,304598,30999,27164,41926,3701,3483,288835,12590,11668,512360,26326,20263,7922,536,456,21921,1290,1208,21921,1290,1208,26094,1145,868,23111,1283,1076,129144,10879,7503,104517,6097,5035,23111,1283,1076,59206,5508,4860,278948,17412,14818,111889,5800,4204,16721,772,563,136111,7622,5937,36531,2741,2438,65089,2945,2354,4659,674,459,5210,430,359,43930,1627,1284,136549,10353,8432,124935,27381,27232,89345,6767,6734,28739,4454,4254,110298,10758,9644,101989,8676,8599,8212,518,512,22337,1083,977,37488,4045,3654,107013,18692,17705,56246,7627,7146,9536,1006,780,143623,14916,11532,17714,1652,1616,213363,20427,16734,197486,19322,17698,11178,645,611,13300,782,652,5804,209,202,6789,622,568,92619,8726,7148,24755,1762,1247,34847,1881,1684,20770,3073,2094,11593,1454,1047,13410,1065,626,9162,852,697,4694,302,215,94164,6566,5612,181472,21371,17336,29901,2205,2035,162626,11919,11465,248447,34222,31674,199645,14248,12718,42975,2516,2268,476904,23290,17912,170049,19146,16110,249030,28088,23935,70169,5556,4825,78981,8942,7825,18986,545,500,377736,35223,22820,49398,1627,1504,69133,5387,4583,63638,9127,8580,62522,6161,5214,28472,1829,1661,19041,1804,1542,7772,226,211,61919,16170,15685,103924,4771,3020,74762,3038,2442,158335,14524,9599,29313,951,907,6306,251,173,66746,5195,3616,195690,10441,7565,77142,4521,3262,22648,1633,1031,28794,1704,889,86082,7805,5464,40890,3891,2504,41300,2745,1552,75284,6932,6243,48834,3020,2188,14375,101,98,83030,3808,3466,102369,12048,7564,166020,20582,15040,48834,3020,2188,59206,5508,4860,27007,840,531,135658,9655,6850,13220,600,418,46219,3988,1889,36673,2359,1157,16114,1103,881,8519,654,646,37357,3241,2310,44439,3279,2165,26302,1681,1023,33641,1870,1272,18079,1028,673,44610,2382,1862,178042,18802,13696,9955,1684,1645,8931370,662167,541637
2010.2/2,5984,58,58,44157,412,403,63423,614,598,20998,235,208,35077,451,367,8507,526,53,11728,190,108,19433,1285,1145,887155,20671,17270,887155,20671,17270,375441,13920,11257,460432,17191,14213,325042,25081,22175,44117,1164,1145,267030,9224,8598,522484,23482,18477,8114,731,627,23738,2722,2089,23738,2722,2089,21033,791,671,24219,738,595,127494,8761,6287,118549,5046,3971,24219,738,595,68351,4284,3373,283306,12284,10533,115833,5811,4634,15796,568,505,139721,7382,5647,35990,1496,1233,68199,1980,1712,4350,339,308,5239,266,193,48531,1384,1200,154733,10027,7351,130725,29840,29707,94080,1794,1794,26241,681,575,112919,8818,7533,106229,3067,3039,8697,204,171,24489,632,552,39612,2934,2724,118628,7226,6119,55788,1262,1069,9602,717,558,146742,11899,8290,18855,1164,1109,218743,15163,11089,203646,16359,13544,11677,635,568,12702,415,340,5209,117,110,8136,274,191,106202,8643,6151,23717,1570,1203,31935,1446,1303,20202,3166,2112,8630,485,431,24147,1269,786,7909,918,838,3770,423,379,95067,7356,5941,181840,32463,26883,29610,1934,1740,175394,12367,11716,263220,21211,17490,193575,12314,10922,39815,2642,2455,488064,21373,16423,178485,16351,13498,242346,25013,21222,73054,6792,5901,63861,8662,7724,20681,657,650,370883,33031,21988,51116,1448,1040,68165,5599,4268,90363,9850,9261,73857,5678,4746,29923,2392,2064,19796,1514,1395,8377,447,408,56875,18533,18264,112546,4685,3702,78855,3806,2838,166644,15809,9854,33129,1783,1590,6873,342,306,72248,7622,5081,198401,13604,9755,80876,4877,3110,27791,1902,1177,29551,2787,1934,81549,6120,4223,41724,3552,2513,42231,2584,1587,82323,7344,6477,41313,2719,2076,14830,256,165,90083,4607,4201,109698,9210,7712,169395,19860,16806,41313,2719,2076,68351,4284,3373,27648,1025,684,141629,10367,7229,14752,404,255,48646,4704,3315,34628,2086,1500,13245,645,557,9740,1749,1548,35317,3936,3050,46386,2701,1897,25858,1991,1609,32053,1995,1201,16823,931,505,34278,2136,1563,204990,24972,17302,9907,641,583,9196034,610216,494828
2011.1/2,8724,134,125,43041,436,361,64651,650,545,26529,590,536,42472,731,535,9477,467,447,21355,322,322,12880,1028,663,873900,28108,23855,873900,28108,23855,362015,15223,12266,469671,19670,15107,328520,29039,26162,52877,1708,1486,282333,10051,8293,502830,25390,18973,9617,657,638,16410,1577,1093,16410,1577,1093,28717,1118,807,17578,1058,957,117767,9738,6626,110198,6641,4994,17578,1058,957,66051,4946,4292,250511,14699,12336,121155,6622,4908,17927,916,694,133062,8266,6227,40641,2671,2153,57753,3289,3036,2549,56,39,7557,317,255,40798,2357,2247,136532,10333,8250,125365,21731,21644,103574,10611,10465,29936,3789,3748,119761,9686,8858,117179,13520,13391,10446,306,290,23633,981,908,39073,4057,3746,145143,17636,17155,57375,5542,5118,11235,1055,898,160512,16394,12541,18595,1516,1399,233372,22847,18889,237276,20386,17640,11047,674,636,18049,1155,616,4029,520,526,7453,497,392,95734,7976,6003,24015,1195,966,35075,2463,1805,20422,2284,1998,7081,459,373,17004,1476,1383,5991,276,208,3810,169,186,109384,7878,6731,184623,23504,19369,27984,2026,1574,187157,13419,12919,319640,33065,29947,212061,17010,15321,38286,2665,1895,469456,24502,18098,189947,13971,11727,254910,18787,15910,74273,5793,4698,64963,4816,4183,21484,461,436,386419,31711,20498,38602,1119,929,84497,4424,2803,105401,7760,6685,94480,5261,4240,27703,6740,6566,15827,579,531,7271,253,270,105400,6025,6778,100516,6256,4624,71242,3527,2556,163344,13928,8441,30035,1554,1490,12731,491,345,81593,6906,5066,209481,12478,9286,85467,5419,3506,29436,2226,1303,30314,2214,1147,84691,6013,3586,47267,2815,2097,40829,2113,1800,68814,6753,5604,46289,2878,2286,12329,367,192,75373,4089,3802,108521,7623,5837,167864,13304,10148,46289,2878,2286,66051,4946,4292,27626,1231,832,127703,8550,4851,15518,613,474,51245,3013,1751,38343,2768,1372,16272,1116,693,16794,1636,1253,45609,2838,1588,42305,2197,1621,26530,769,654,34733,1929,1056,17113,1763,794,33969,1786,1222,306475,33064,22550,13504,1157,987,9503816,636002,511805
2011.2/2,8479,73,73,45959,309,290,66751,571,503,24151,434,313,46591,863,637,13541,1446,1249,23102,1686,1677,17314,1618,1278,926781,26399,21955,926781,26399,21955,387789,17116,13381,490013,19650,14775,331946,36311,31700,49371,983,911,289913,11445,10102,515394,27006,20101,9157,207,201,27676,1327,1077,27676,1327,1077,29151,2749,2224,18442,996,830,117740,10285,6362,115029,7464,5551,18442,996,830,70406,3660,2672,296468,14275,12219,125309,5371,4083,17728,591,452,161438,5994,4530,36921,2078,1472,62347,2828,2274,2682,158,116,9016,433,238,44265,1909,1531,138803,10248,7671,129005,21309,21206,96256,1852,1820,34611,663,630,109056,6188,4969,114532,3409,3365,9850,302,225,22941,660,518,43645,2647,2159,142933,6462,5566,57517,1467,1196,11870,764,616,160083,12850,8847,19002,1112,796,235956,17305,12418,236390,17651,14303,12509,432,414,19782,1292,1118,4959,213,202,8012,634,413,94538,8339,6140,22642,1439,1203,34088,2674,2353,20113,1870,1460,6609,487,424,17257,1261,998,6419,551,412,3053,277,259,113304,6873,5499,184920,35867,28809,28912,3094,2605,178900,14359,13312,316344,21335,17655,208676,16947,15436,40267,5468,4821,485404,23533,16774,193190,20738,17151,258952,28030,23346,76407,6417,5024,65762,7292,6195,24908,495,436,369444,34276,19673,44583,1280,995,68226,5607,4621,102364,11175,10033,93091,5383,4267,28195,8589,8222,17762,539,461,6415,187,148,86312,22684,22035,105621,4550,3099,77638,3416,2686,181434,13215,8548,29733,1462,1255,9723,384,307,74675,5553,3523,209963,10781,7961,72760,3446,2070,25579,1650,993,29792,1944,1257,90145,8271,5680,51672,2796,1867,39390,2324,1647,74024,4083,3624,46597,3098,2319,14928,344,304,81218,3711,3146,119251,8602,6574,166792,16747,11959,46597,3098,2319,70406,3660,2672,29314,781,550,141137,9987,6774,17603,562,445,50664,3154,1641,32791,1732,1325,13058,1097,554,15625,1984,1738,44311,3654,2733,43241,2455,1785,26437,1214,900,34236,2263,1472,18312,1438,560,48709,2950,2001,272421,27436,18892,14160,1152,1091,9715637,649951,513402
2012.1/2,5816,102,99,42742,482,450,61263,786,737,22453,401,360,42960,784,697,13619,1487,977,21143,752,736,20866,1238,995,893956,26385,24275,893956,26385,24275,381717,17690,15097,491897,19481,16547,345011,31434,29171,53031,815,792,299691,10251,9657,526510,22222,17540,6225,408,388,22377,1450,1288,22377,1450,1288,25877,1302,1126,21834,984,862,125924,9355,6016,106748,5973,4413,21834,984,862,75271,4216,3887,257483,12147,11023,124625,5926,5030,21311,1039,932,156947,6704,6007,42200,2354,1926,69904,3579,2832,3036,105,90,10640,491,337,51490,2461,2108,154583,10873,8852,133994,23857,23648,88790,6333,6252,27374,4330,4256,111813,7667,7152,105959,9993,9847,11259,732,683,23802,1067,995,39002,3423,3130,140385,17895,17539,58761,5979,5562,12417,873,760,166338,13770,11010,19877,1938,1813,242549,19346,16339,247612,20699,18284,10810,665,542,21205,738,672,4900,221,221,7358,739,649,103093,8412,6744,27760,2644,1860,36844,2102,1948,17125,2022,1577,6217,167,162,16057,570,489,7274,500,465,4030,344,310,111898,8406,7752,191756,27406,23117,35246,3846,3507,179671,14602,14129,323618,34181,31689,214755,16104,15382,46476,4104,3739,491265,21347,16946,210001,18567,16560,275400,24751,21864,75808,5032,4114,65399,6184,5304,22281,494,471,390835,34839,22123,44011,1274,1167,81393,4457,3921,100102,6012,5029,95799,5608,4430,44438,3242,2847,19778,821,648,6626,100,73,103661,8955,8448,106430,3787,3026,75875,2819,2460,187579,13631,9371,29164,997,889,9009,367,335,74118,4668,3749,210825,9506,7694,79800,4948,3722,27250,1803,1349,31059,1928,1196,90533,8412,6348,46665,2194,1736,41590,2590,1928,79590,6094,5191,48123,2820,2124,15155,143,141,72980,3439,3203,117118,7902,6726,163815,12851,10239,48123,2820,2124,75271,4216,3887,29219,976,869,156034,9403,6764,15145,595,457,53302,3587,2699,36514,1876,1572,15573,427,268,15260,1380,1186,43497,3311,2304,53138,3117,2501,23910,1547,1142,36002,2415,1734,17290,1640,1330,53307,3690,3004,244999,22333,16989,15250,1161,1077,9805150,626685,532061
2012.2/2,11432,170,170,40689,328,301,58838,514,483,23109,380,314,40216,556,449,13031,444,444,24654,1632,1632,27557,1741,1591,926362,26066,23395,926362,26066,23395,387539,15374,13234,504062,18909,15851,344435,32971,30631,52695,700,681,288879,10397,9903,543227,26522,22814,7253,293,262,27532,2026,2008,27532,2026,2008,27245,1043,938,16762,1071,857,137261,8508,6132,104676,5739,4342,16762,1071,857,73013,5538,4437,273165,12042,10775,127389,4910,4040,20403,1141,914,150021,4799,3746,43716,1923,1473,72130,3186,2648,3693,112,66,10843,479,309,53996,2409,2032,160843,10104,8390,133874,30094,29718,92264,2025,1974,30287,555,504,109293,6204,5496,110628,5070,5010,11661,151,107,24087,680,621,45655,3022,2775,143541,8932,8011,63595,1996,1659,14067,776,647,167184,12490,9020,21484,1482,1430,247971,16324,12455,252366,22019,19281,11792,984,875,23804,649,624,5257,118,116,7937,176,125,106847,7695,6358,30684,2538,1924,35074,1598,1442,15361,1689,1554,5848,570,567,18384,1058,1013,7574,847,810,3135,451,423,121510,8202,7047,187870,34406,30054,36450,6420,5720,178707,17666,16965,327111,27628,24266,214109,16609,15699,44151,5009,4732,505780,22873,19257,207111,25882,22182,265019,33060,28807,77365,7682,6728,57908,7178,6625,21749,977,950,397455,37060,23422,45194,1022,933,74921,7059,6093,82867,9712,8930,87951,8132,6478,35279,4475,3697,20015,848,804,8842,395,285,60340,12946,12466,110913,3524,2887,73838,2750,2439,199717,13272,9031,30019,1110,1049,7937,433,365,77572,4134,3321,210753,10585,8708,76621,3814,2851,25175,1896,1254,30219,1607,958,85835,8065,5747,47310,3379,2294,37242,2110,1625,82158,7113,6282,52100,3069,2260,14617,94,74,78854,3086,2777,119416,7700,6041,160057,14277,10840,52100,3069,2260,73013,5538,4437,31251,1074,838,155038,10997,7732,16114,471,447,52197,3338,2162,35522,1830,1196,15782,1019,673,15105,1568,1483,42198,3720,2649,54728,4106,2830,27300,1669,1210,35917,2197,1410,15413,1054,824,44598,2135,1750,272031,33281,24789,14644,376,303,9884455,660219,554625
2013.1/2,8343,168,155,43477,382,370,62607,589,576,25182,363,338,44292,698,656,8733,487,479,18495,539,538,24698,1517,1292,906154,26410,23954,906154,26410,23954,362949,14008,12698,497942,20300,17567,335749,32407,29222,41840,1179,1175,285719,9423,8860,536534,22526,19327,10244,494,451,30421,1547,1482,30421,1547,1482,24633,1200,1064,29148,1266,1144,145795,9889,7371,112395,5757,4668,29148,1266,1144,65348,2817,2433,241800,10832,9624,142647,6925,6369,18615,822,710,152117,6017,5176,37806,1886,1511,67363,2825,2380,3755,219,205,7136,412,227,49809,2082,1717,151078,10764,7932,156606,36360,36145,101580,8171,8162,31469,5226,5165,114709,9778,8979,117562,11360,11312,10819,640,493,20830,1184,1098,51616,4753,4595,152186,22186,21400,65686,6876,6513,11931,920,808,173198,16669,13578,21709,1649,1433,254079,22778,19179,291109,26145,23458,7139,345,318,17355,614,519,5442,194,194,8364,488,483,101269,8682,6215,28006,1484,1483,45393,2775,2466,20529,2211,1970,6370,335,287,12529,672,600,4895,462,406,3237,1048,909,112164,7934,7258,212501,27494,23108,33590,5084,4576,188731,16682,16014,375599,44013,40910,233462,20549,19653,40988,2831,2699,483252,20978,17931,236631,26670,24499,317360,37352,34544,89861,4821,4391,80729,10682,10045,23162,675,602,377312,33146,21835,45131,1369,1297,84710,5541,4707,120525,10753,9686,103878,6264,4775,34771,2786,2514,18599,1009,840,10683,262,229,90522,11461,11156,125624,4515,3275,67130,3002,2787,206996,16671,10627,26966,1217,1151,10537,385,357,69333,4193,3013,203257,12439,10303,74471,3418,2240,27678,2266,1597,28802,1555,1079,95686,8540,6250,54128,4363,2761,44625,2913,2398,64769,6246,5252,47133,2472,2112,16685,271,271,64728,3521,2878,131998,5007,3746,150925,14724,11554,47133,2472,2112,65348,2817,2433,30059,897,777,159099,10538,7353,14880,552,448,51763,3515,2242,45726,2482,1823,16273,497,435,13939,1111,865,46992,4588,2683,49812,3077,2460,23914,986,590,38340,1748,1410,15665,1135,801,55557,4135,3295,270028,25280,18870,12296,910,716,10050640,689241,590718
2013.2/2,7273,89,89,40089,446,445,58275,584,562,19017,301,228,39206,334,272,7627,198,194,18619,763,763,22266,973,943,933552,23920,22072,933552,23920,22072,370074,14645,13286,503776,20752,17583,352713,32062,28282,44821,946,781,270666,8655,7496,539009,21419,17956,10395,629,550,32257,1541,1386,32257,1541,1386,26488,1408,1183,26101,974,888,153707,7566,5857,107511,5006,4278,26101,974,888,72343,3372,2812,243968,11043,10171,141684,5336,4123,19269,515,420,158664,5669,4843,43342,1633,1348,69597,2689,2179,4544,58,58,8137,294,149,51303,2033,1691,149474,9719,7940,162152,40769,40644,94785,2467,2395,31475,579,530,111954,6497,6044,110338,4610,4526,12031,292,287,24493,994,866,56443,3157,2764,161680,8774,8227,64593,2252,1894,13108,945,795,178334,12867,9927,21590,1060,1016,259996,16918,13349,311603,23318,20605,8704,378,325,17586,444,392,6523,350,321,8112,138,121,98171,7686,6249,33682,1048,994,50989,1599,1495,21831,2389,2253,7443,363,343,13691,727,597,8501,833,688,4967,756,737,123508,8526,7583,211118,33543,29215,31461,3940,3640,201865,17064,16344,405223,29335,26291,255037,17526,16435,39102,2725,2592,498580,19227,16095,234722,25026,22355,328578,36180,32895,84461,6575,5846,93856,11154,10540,25905,815,784,385902,35876,22112,45620,1983,1758,81761,5833,4997,96076,13580,11942,110359,7573,6320,29376,5005,4791,18207,988,768,9698,295,280,98707,20435,19470,122692,5245,4447,72066,2826,2499,208761,15341,10880,28157,1205,1135,13559,422,376,66558,3213,2750,205213,9378,8134,76096,3882,2696,25809,2211,1370,33405,2199,1489,94581,7569,6153,47690,4132,2663,44415,2336,2080,68770,6406,5481,43110,2395,2079,17138,308,296,72647,3204,3028,127225,5677,4995,165124,13907,11363,43110,2395,2079,72343,3372,2812,30129,855,708,165580,12175,9753,16046,534,421,51952,3101,2402,43032,2420,1990,14082,1029,857,18932,1554,1356,44850,5096,3629,52984,3139,2098,22812,2034,1387,41510,2071,1682,18763,2071,1470,45289,2986,2557,287410,27942,21778,12204,606,508,10256347,664337,569628
2014.1/2,6416,86,85,36371,588,582,55851,945,932,18480,409,381,41356,653,591,11437,484,478,20638,392,301,29838,2053,1969,934771,28629,25776,934771,28629,25776,385771,14280,12967,518435,21378,18382,360085,41404,37941,41070,1136,1116,288293,10178,9655,545701,24132,20349,10646,831,639,30084,1562,1307,30084,1562,1307,22626,975,916,24594,1014,819,159676,10604,8415,118601,6154,5130,24594,1014,819,69582,4621,3783,240292,12026,11029,154205,5597,4493,21059,641,495,157508,5268,4549,44969,2237,1879,74810,3410,3093,4800,360,347,8199,351,308,56535,2551,2288,164974,10142,8889,164225,46622,46440,94445,8967,8947,31954,7382,7338,120906,11519,10523,107611,13875,13665,13326,787,728,24476,1545,1496,59098,6272,5928,169071,27596,27046,63716,6973,6629,12488,865,746,185039,17815,15279,22853,1504,1388,271278,24416,21618,320254,27817,26097,10202,566,455,18848,690,642,6151,295,288,7032,832,832,108439,7591,6601,41429,1496,1459,46756,1889,1758,23495,2573,2026,7404,493,417,12995,700,657,7374,679,589,5449,427,370,136286,9781,9055,217842,32264,28158,30493,5162,4644,210946,22893,22224,418257,51018,48914,254238,26392,24890,40947,4299,4058,503082,22947,19479,209757,21848,19991,302121,30993,28279,84911,5472,5043,92364,9145,8288,25818,628,598,385561,36140,22383,47510,1595,1470,87545,5779,4900,109264,11458,10737,116149,10794,9825,40810,3679,3276,19167,833,779,8904,267,264,96045,16138,15505,114658,4480,3626,74979,3659,3029,215777,15256,10977,30619,1951,1683,13592,290,197,66473,4186,2903,208069,10441,8247,73598,3588,2462,23805,2445,2120,28224,1620,774,97028,10006,8062,41137,2688,1924,40848,1965,1272,71578,6130,5091,48670,2188,1904,17725,188,174,77355,3774,3535,115388,4275,3373,149915,10683,8522,48670,2188,1904,69582,4621,3783,28838,873,759,158176,9518,7295,17618,464,416,48177,2291,1647,39558,1792,1733,18653,1230,1067,18005,1188,1002,42255,4139,3109,48538,2906,2006,23669,951,724,39023,1989,1631,19794,1853,1199,51832,2735,1912,313681,30993,24342,11351,1009,852,10432264,754985,661726
2014.2/2,7452,78,72,38319,371,345,57666,546,511,20482,302,272,43671,474,466,10963,356,341,22319,1032,1009,28185,2181,1757,946938,24746,22722,946938,24746,22722,386562,15353,14165,522868,21182,18815,371872,29808,26912,44498,1463,1277,287048,9439,8876,557320,23112,19309,10037,514,498,30558,1853,1639,30558,1853,1639,26659,815,619,31971,1214,1108,152887,8819,7555,132655,5870,5300,31971,1214,1108,63604,3137,2883,239492,10865,10096,155761,5264,4259,20681,449,377,166787,4586,4216,49052,1498,1235,74420,2590,2222,4480,89,88,8313,442,351,53552,1881,1675,165519,9511,8222,164332,33387,33315,97013,3406,3203,30487,557,526,128746,7061,5808,110998,5154,4924,14127,574,490,25954,1289,1289,63817,4311,3936,183956,10563,9535,65314,1660,1560,12422,646,460,190853,12919,10504,23066,1180,1080,281947,17341,14622,322352,24336,22256,11257,441,409,18892,1094,735,6378,223,216,10518,390,390,111967,7630,6547,41878,5885,5852,47391,1784,1608,22845,2768,1752,7554,436,333,14806,1031,975,6661,660,578,5682,440,405,142207,10779,9271,220624,36854,31504,29806,5197,4763,212626,18845,17961,433908,31906,28969,266833,19218,17982,43335,5098,4629,513590,20851,17264,222802,23594,21438,317637,33527,30550,91532,5568,4951,94835,9933,9112,26540,756,725,389144,39685,24041,52073,1891,1727,84722,5865,5010,117786,16510,15848,129870,21917,21415,45287,8258,8054,18317,591,561,8146,220,218,103708,21185,20352,122026,5875,5163,73265,3585,3014,213767,14785,11692,31627,1409,1373,12464,741,463,64340,3952,3324,211506,9440,7977,80853,4342,3411,22515,2380,2264,27055,1726,1411,93256,9686,7798,41968,2321,1763,41242,2075,1788,68899,9794,9207,50480,1914,1335,18824,432,388,85445,4040,3789,116626,5231,4278,144252,12701,11298,50480,1914,1335,63604,3137,2883,29255,604,464,158782,7706,6208,15998,421,365,46648,2114,1792,39883,1710,1659,13207,329,267,19556,1594,1482,50969,5448,4145,47302,2352,1880,25668,1112,990,39811,1960,1697,16903,1624,1262,47931,2486,2152,345806,28764,23328,11463,699,646,10678424,698742,612395
2015.1/2,6184,125,123,39111,535,523,60161,678,665,22229,509,497,40440,401,394,10449,269,225,20975,492,492,27146,1298,1243,991214,27969,26484,991214,27969,26484,400501,14633,13196,542582,22389,19348,379943,41468,38498,42823,1301,1202,290577,13041,12531,573014,25089,22398,11839,691,669,31792,1982,1812,31792,1982,1812,21006,1000,857,26612,1542,1331,156455,8622,7272,130204,6416,5637,26612,1542,1331,64311,3901,3631,253812,14737,13766,165834,7503,6537,20339,694,597,172467,6080,5081,47198,2021,1776,77237,4769,4520,4692,121,113,7608,527,411,57590,4080,3893,174922,12347,11081,169507,46911,46623,91064,10329,10320,32463,6182,6064,134308,12562,11869,102958,13559,13536,15526,467,457,28075,1035,980,68440,7457,7078,178064,30655,30183,67374,7290,7053,13421,897,837,195529,19857,17767,24968,1860,1808,289548,27632,25142,340658,28105,26465,11787,638,568,19141,988,912,5879,305,287,7722,620,303,117332,8267,7188,43361,4507,4405,48306,3103,2818,24585,2312,1906,10695,2323,2274,14025,1076,971,7731,774,691,5714,913,886,150406,12867,11784,241737,40220,36315,31782,5156,4855,215935,22902,22223,441221,53373,51381,276589,29132,28134,50773,6237,5963,538113,23526,21032,220600,22237,20211,320423,31773,29316,94511,5128,4699,99823,9536,9105,25472,589,557,415026,38325,23477,51678,1652,1357,84526,8561,7731,129083,11342,10685,146688,10725,9658,38633,7192,6939,16268,632,582,12510,232,163,114470,19597,19223,122598,4617,3530,76587,3272,2784,210783,10779,8282,31965,1608,1536,12196,188,175,69943,3332,2714,221713,10521,9227,74083,2958,2316,31922,2037,1729,30997,1346,1163,95773,9570,7631,38438,1820,1160,40170,1650,1237,72499,10465,9455,53071,2689,2571,20355,246,228,80014,4208,3914,117872,3445,3035,145086,7835,6970,53071,2689,2571,64311,3901,3631,31459,959,853,152133,8027,5780,16949,480,431,44878,1577,1269,39092,1107,785,14287,631,545,23901,1359,1134,50234,4095,2596,45061,2583,2163,22269,1096,853,38137,1459,1187,20391,1092,929,52136,2801,2153,347315,25714,20648,11196,1405,1219,10967146,785318,705943
2015.2/2,6750,58,58,42024,383,383,65128,574,556,22271,262,237,42836,560,521,8639,214,213,25854,978,974,30478,1571,1480,1032514,24996,23179,1032514,24996,23179,406130,15541,13854,559518,19564,16766,392670,33461,30140,42582,1369,1328,294670,10271,9592,581024,22029,18777,13620,689,658,32732,1764,1622,32732,1764,1622,24327,1087,819,32553,787,692,158323,9408,7253,135683,5550,4514,32553,787,692,75212,3210,2904,270846,13834,12634,168424,5118,4549,23216,500,461,180243,6385,5304,48987,1765,1533,88793,2893,2540,4745,182,107,8383,351,337,65325,2232,1969,181665,9394,8206,173484,43392,43173,95133,2819,2805,34000,940,925,129565,8100,7016,108589,4558,4508,16591,495,421,26810,1389,1377,72767,4622,3757,191501,13678,12651,69973,1782,1685,13671,651,579,199549,13751,11102,26144,1569,1381,295455,17891,14891,339124,26158,23109,12475,874,821,22528,1137,1093,5657,300,280,6948,515,308,116340,7162,6237,42569,3797,3664,51677,1833,1472,24190,2438,1976,10040,3046,2884,14977,927,719,8608,1007,935,6414,1169,1156,156020,9602,8593,249162,38654,32571,33943,2835,2528,228244,20455,19747,451476,36242,32442,294935,20760,18892,51976,4872,4447,547347,20413,17386,230691,22597,20745,327046,32954,30504,98239,7376,6833,96355,10357,9759,28056,700,597,443356,45003,25846,51034,1582,1528,78062,6198,4588,169328,13767,13295,145315,17164,16173,47867,7025,6985,19158,1126,890,8756,156,130,141965,33368,32719,125462,4736,3961,79854,3617,3212,204092,12297,8956,35118,1188,1068,11335,399,292,63391,3196,2627,216094,8414,7380,79010,3648,2960,29431,2408,2025,29315,1446,1169,97140,8945,7387,38559,1640,1363,39729,1829,1481,80310,10435,9934,51337,2105,1822,20638,331,308,85926,3259,3064,113292,2947,2503,146327,8343,7170,51337,2105,1822,75212,3210,2904,30803,650,586,155742,8016,6367,17225,400,342,44960,2192,1637,37931,1853,1432,14526,583,558,19994,1324,1268,48205,4326,3310,53828,2723,2216,21996,1787,1323,38577,1873,1666,22271,2261,1101,42298,1771,1372,342870,24797,21224,11334,649,428,11326946,715119,624539
2016.1/2,5874,75,75,38681,478,459,60313,826,727,21257,259,199,36790,458,454,10658,490,477,23134,561,559,28527,3054,2984,1083644,35944,32804,1083644,35944,32804,407083,16795,14819,560210,22140,18855,403217,45424,41943,45343,887,823,292669,14063,13014,578445,25706,21087,14915,1028,933,35146,2343,2077,35146,2343,2077,25037,634,587,30734,1498,1072,170171,10957,8985,136795,6269,5215,30734,1498,1072,73742,3371,2966,273878,16581,14446,152952,6236,5089,26235,666,567,181092,7301,6395,49625,2142,1854,92583,4249,3775,3526,82,82,7603,627,459,67646,3025,2667,183788,13964,11600,180554,39344,39155,88672,9907,9893,45577,9313,9313,109760,12061,11783,104038,13456,13413,13865,559,542,24797,1100,989,70905,8450,8078,209065,35142,34732,71275,8023,7751,12904,1335,1254,207037,23428,20355,27725,1763,1700,307369,32184,28564,388579,37739,34815,12262,1506,1486,18418,627,546,7052,456,409,8866,573,529,116142,10939,8933,26163,2242,1830,55586,4101,3948,27864,3369,2919,6243,635,576,16905,903,777,8067,790,693,6479,1601,1592,159515,13412,12363,248566,37720,32653,27092,3569,3277,210402,23730,22708,516605,67823,64648,317495,35674,33898,43229,7027,6375,537920,24792,20321,244193,25586,23724,366434,42076,39011,91889,6111,5796,122241,16490,15287,27114,1001,935,420981,40996,27345,60648,2029,1700,91340,6210,5472,123018,8959,7873,130465,14146,12912,30430,3352,3111,16023,1396,1174,8816,363,333,138673,20634,20133,112717,5656,4575,77474,3590,2794,207699,13418,9674,29634,1675,1573,13116,472,309,66842,2830,2303,231874,9903,8687,88028,3857,2886,24393,2964,2357,25328,1284,928,89343,6570,5362,36866,1771,1436,36367,1862,1447,94568,8647,6976,54081,3224,2889,20452,659,604,94068,5008,4764,120301,4252,3477,163824,10392,8995,54081,3224,2889,73742,3371,2966,25443,768,706,166977,10712,8347,17083,532,449,49354,1983,1548,42052,2746,2157,14721,709,673,19780,1598,1489,54081,4776,3560,52344,2574,2119,25241,1467,1328,35335,2262,1722,15355,783,675,53859,2989,2697,365111,29875,23714,13522,892,814,11481327,854766,758065
2016.2/2,5306,53,53,35558,417,406,55589,607,562,21281,417,384,35110,568,514,9835,304,289,24200,952,938,29472,1883,1594,1078459,29569,26346,1078459,29569,26346,417036,15485,13569,558153,20671,17775,424971,36136,33108,42177,1594,1541,303624,12032,11369,578249,22177,19006,15680,1067,1027,38795,1754,1715,38795,1754,1715,22249,498,325,28982,1026,818,169238,8301,6829,133939,5479,4712,28982,1026,818,72069,3811,3253,266344,13527,12263,160938,5079,4233,25366,785,595,180471,5783,5287,54444,2224,1856,91303,4230,3609,4420,565,318,6970,514,407,66108,2982,2502,194981,13099,9912,175573,30744,30635,91009,1969,1944,44841,731,710,108949,4787,4176,108116,3612,3520,14653,618,614,25541,1221,1212,77242,4376,4070,222417,12526,11401,71935,2357,2168,13147,769,636,209037,17714,13491,27629,1673,1561,310201,23152,18426,394589,31014,27971,14084,446,439,19221,721,625,7432,196,179,8807,274,274,128873,10117,7410,29121,1348,1265,61711,2791,2545,29878,3166,2501,8067,653,621,24194,2073,1977,8731,1438,1150,6341,2547,2523,168419,15053,13504,244589,36933,32425,34461,2951,2755,209137,19696,18967,535455,39094,35112,320989,22480,21542,49913,5898,5443,537079,21503,18402,245128,29905,26920,367131,46129,41753,92531,6420,6006,122003,16224,14833,30016,762,738,434055,36193,23451,65199,3048,2622,89401,6420,5425,138491,11128,10884,142049,17505,15786,43677,6446,6158,16584,866,824,5762,241,222,145832,27701,27279,111763,5338,4377,74692,4435,3806,212671,12700,8571,34716,2275,2121,14429,407,348,63820,2789,2323,217074,8475,7474,89227,3715,3066,28953,2737,2469,22850,1015,821,85959,5844,4601,37297,1161,890,41932,1926,1473,96316,10551,9941,56024,2821,2490,20516,329,309,94774,5615,5322,122709,4997,4200,150974,10579,8346,56024,2821,2490,72069,3811,3253,27270,768,718,163659,10073,7206,19353,1020,734,48420,1629,1236,38508,1593,1156,12865,403,358,21783,1588,1382,51125,4764,3599,47920,2592,2116,25737,1222,935,36952,2026,1367,13514,1001,742,50876,3031,2181,405173,35252,28643,13658,1210,1084,11657993,741122,645840
2017.1/2,5813,107,107,35276,494,489,55751,697,684,20347,293,292,33324,555,488,10482,671,490,24514,515,490,27854,1992,1822,1073300,32698,29644,1073300,32698,29644,416199,13826,12621,552544,21208,18371,422388,47565,44276,46612,1204,1144,286283,14172,13693,585488,25285,20970,15133,1355,1300,32425,2929,2554,32425,2929,2554,22667,551,494,29116,1440,1301,165397,9694,8131,138294,6604,5821,29116,1440,1301,68160,3116,2706,270377,15902,14435,155704,7291,6399,26697,1065,976,181671,7008,6368,54723,2046,1716,94200,4628,4236,4286,128,94,8214,533,460,68361,3024,2798,200020,15156,13575,173570,43652,43335,85699,8010,7954,45523,8864,8595,107743,9001,8525,100753,11024,10934,15684,532,456,27591,1364,1320,79516,9586,9225,233910,35077,34641,70925,8957,8594,14003,1092,984,217223,24127,20412,28479,1796,1743,322462,33138,28893,405061,35446,33059,13729,930,834,19706,893,876,8624,444,437,7713,591,534,131659,12132,10777,31208,1978,1738,66532,3854,3722,31591,3014,2648,8699,820,819,27866,1801,1740,10081,1386,1026,8196,1893,1885,167917,14398,13480,240380,35485,31869,37750,4538,4267,212048,27010,26557,554694,65103,62460,327529,33359,32504,48835,6986,6640,546209,23801,19490,234440,23616,21793,363704,39659,36108,96630,6193,5493,129264,16043,14315,29082,913,871,437577,39123,25223,64248,2947,2366,95521,7116,6099,125814,7600,7152,141646,12951,11725,42103,4223,4182,16419,1021,763,6183,456,214,159007,24224,23967,114956,5618,4365,74987,3305,2832,210308,13183,9346,35413,2847,2763,13115,360,330,57985,4156,3116,211400,9339,7676,82363,3981,2648,28620,2446,1984,23669,1431,1189,85534,5201,4105,42489,2562,2044,38344,3344,2255,92986,9041,8724,54367,3102,2785,19486,305,246,97320,5693,5346,116883,7095,5823,157544,11666,9549,54367,3102,2785,68160,3116,2706,29222,1133,989,161332,7913,6418,17549,494,436,47384,2220,1839,38783,1662,915,12705,671,603,20644,1573,1351,52349,3966,2902,48086,2854,2362,27033,1558,1173,35624,1629,1467,15446,1009,944,52108,2808,2505,414830,36099,26388,12438,1141,1073,11684473,855762,761886
2017.2/2,5994,68,67,37795,335,275,58620,564,498,20795,220,202,37025,375,332,10700,518,439,25196,1342,1233,27716,1681,1476,1092406,29045,27172,1092406,29045,27172,415866,15803,13849,553530,20202,17063,433014,36516,32891,45698,2258,2123,288829,9163,8690,566569,20844,17618,14638,642,596,34612,2932,2807,34612,2932,2807,23808,706,605,29501,1800,1670,169766,8778,7394,135176,6504,5938,29501,1800,1670,69858,3032,2709,272038,14137,12961,159623,4352,3458,25350,602,547,193266,5878,5328,54921,1827,1693,94343,4158,3750,4178,89,74,8245,719,435,69526,2749,2535,200928,12592,11060,172790,35912,35765,88700,2332,2325,47156,583,583,107688,4786,4360,103855,4292,4252,15695,435,363,26024,1066,1028,82750,6143,5902,260737,14489,13955,72732,2249,2035,14322,544,449,218967,17611,13777,29635,1643,1556,326968,23088,18830,415618,33525,30759,14900,833,810,20873,603,508,8672,316,289,9347,493,473,131402,9843,8525,34041,1618,1428,67199,2063,1922,29178,2751,2418,9524,1176,1037,25986,1219,1144,10037,1353,1189,9558,2453,2408,174543,11863,10356,236601,31575,28050,43081,4274,4080,231226,21354,20788,589969,44065,40946,331162,22602,21918,48332,4540,4143,536190,19683,16511,238447,29399,27973,366895,45700,42900,97670,5346,4733,128448,16301,14927,30350,943,911,434016,37067,23012,63418,2314,1811,93212,7324,6076,129241,10395,10116,144934,17932,16877,42525,3798,3702,15620,644,630,7928,207,105,143067,23218,23091,117422,5599,4389,77094,4127,3603,214293,13132,9746,36421,1906,1836,14212,788,708,62722,4587,3994,218944,8928,7881,79512,2898,2051,26715,3362,2558,25424,1347,604,84695,5198,3853,42095,2198,1795,40769,3073,2645,96549,5747,4982,53567,2638,1874,21682,349,322,98354,5214,4993,117507,6685,5503,158722,9081,8011,53567,2638,1874,69858,3032,2709,30867,1191,932,151452,6819,5614,18444,468,427,46432,2445,1781,40375,1155,1106,15332,371,325,21482,1659,1349,53875,4088,3138,53250,3122,2535,26009,740,697,31476,1612,1089,15124,914,673,47825,2575,1813,399831,34194,28509,12658,1169,1016,11803864,724964,639912
2018.1/2,6509,176,175,39075,563,549,61150,980,953,21977,478,471,35855,560,497,9624,484,318,25587,495,487,27598,2011,1461,1109539,32941,30156,1109539,32941,30156,420711,16121,14579,550567,20729,18051,440728,47345,43417,45511,1408,1306,292561,13851,13352,583914,24878,20961,14163,916,858,37278,2806,2499,37278,2806,2499,22922,1622,1224,30117,2140,1914,176372,10028,8552,148759,8472,7158,30117,2140,1914,67152,4232,4096,282149,14511,13260,156116,4876,3979,22782,861,820,195311,8091,6950,55931,2509,2081,96749,4350,3991,3342,105,96,9144,502,435,70479,2717,2458,197824,12361,10584,167607,43717,43493,85095,9120,9075,51223,8018,7980,120791,9789,9241,99521,12315,12247,15396,544,447,27135,889,870,87748,9995,9478,279737,40040,37913,76074,8758,8190,15270,1449,1319,232079,24356,20220,32071,2411,2287,344749,33665,29000,437374,38914,36078,15300,1041,924,21218,1093,920,8501,605,581,7035,685,685,127345,9644,8126,34270,1986,1803,65034,3385,3098,30064,2921,2593,7275,1003,941,24265,1646,1470,10284,1241,1048,7612,2599,2574,181994,12953,11730,252707,34416,30588,42800,3491,3410,227868,24220,23672,626151,72659,68061,336321,33353,32500,52753,7175,6884,537175,21813,17896,232924,25930,23741,360126,39558,36458,98567,6724,6494,127202,13628,12717,31448,1465,1445,443460,38883,25215,65064,2927,2359,99759,7318,6348,120945,9657,9261,134305,7737,6348,49988,3477,3462,17031,845,808,6436,392,388,171356,21434,21097,114964,6405,5422,77083,3262,2809,217664,11762,9379,35997,2048,1856,15358,514,396,62738,4503,3924,212711,9588,8408,77078,3632,2967,27179,1533,1009,25929,1574,1019,80249,5921,4530,41078,1671,1419,42099,2040,1750,87805,7121,6705,50392,2393,2268,22206,232,230,103083,7228,6826,118554,6298,5164,149721,9022,7879,50392,2393,2268,67152,4232,4096,30027,1178,848,159166,7852,6371,18720,714,603,43795,1879,1510,41620,1711,1618,14399,453,339,15560,1341,1251,58529,5155,3424,55039,2814,2348,27442,1163,999,31999,1688,1107,14675,548,511,50988,2454,2019,409838,35674,28724,14632,1939,1735,11984990,845775,755574
2018.2/2,6806,84,84,40823,608,599,63978,900,821,20746,424,288,37551,560,523,9008,530,447,25897,1444,1299,28274,2156,1955,1124650,31257,28869,1124650,31257,28869,425628,14975,13036,564730,18973,16059,439580,36509,33307,49753,1725,1598,290454,10813,10343,581648,20949,16655,16383,827,745,38264,3104,2886,38264,3104,2886,22802,982,846,29679,1669,1454,180252,9781,8161,154164,7533,6354,29679,1669,1454,66426,2357,2140,293312,14454,13239,169289,3929,3489,26617,660,628,192374,6126,5376,55922,2229,1826,102273,4219,3729,3659,206,185,9935,470,310,74565,3038,2725,210237,12154,10671,175445,46661,46541,83233,2566,2525,50835,668,653,126018,5787,5271,97494,4186,4114,17022,483,471,30164,767,740,91103,5917,5309,296302,18326,17760,77044,2749,2364,16325,549,428,233854,19836,16019,32211,1918,1834,351383,25906,21445,451375,36780,34025,15095,470,462,22511,657,614,8891,591,568,7506,277,277,135672,9116,7946,35263,1924,1793,71186,4454,4300,32869,3308,2850,6273,740,696,23952,1056,895,9251,1442,1217,9120,3637,3524,191480,11908,10998,258440,33320,30902,42281,2988,2937,230586,17668,17463,653679,50150,47099,353624,24107,23288,51271,5636,5368,537441,20074,15780,237151,30562,28534,372671,45555,42921,107903,6428,6280,135520,14993,14387,30984,920,892,450299,42317,24122,65139,2335,1930,100432,7271,6500,131088,11050,10651,120585,9636,9184,53013,4817,4755,17901,753,738,6960,291,239,171000,26554,26288,116377,6003,4493,80770,3633,2998,214062,10451,8351,38380,2751,2564,15525,338,300,61041,3186,2681,209528,7417,6523,75243,2861,2243,25324,1855,1547,27046,1094,732,81949,5324,4241,37066,1655,1415,39796,2423,1700,92536,11090,10537,52067,1886,1666,21600,267,260,101799,5885,5585,115444,8288,7651,147787,8975,8189,52067,1886,1666,66426,2357,2140,31617,700,699,163283,7722,5980,18856,506,488,41459,1455,1222,38504,1511,1445,14227,450,385,17030,889,819,58846,5563,3434,53915,3472,2749,25964,1089,846,31185,1375,1146,15539,922,532,49887,2509,2119,407978,33955,29304,16237,514,449,12192880,756130,672219
2019.1/2,5735,85,85,43920,717,717,69003,995,990,21795,230,221,38435,588,562,8922,825,680,24837,823,775,30541,2349,1850,1138342,33418,30592,1138342,33418,30592,428568,13637,12608,563025,20218,17393,443556,39409,37195,56379,1866,1639,296628,11916,11222,581741,22385,19558,15280,1177,1098,39248,3445,2915,39248,3445,2915,25607,1063,870,30524,1673,1368,185491,10868,8665,162114,7775,6490,30524,1673,1368,66551,4296,4064,305544,16853,15119,174536,6455,5597,25686,851,781,194627,8175,7524,61803,2818,2678,102760,4844,4254,3881,196,164,10312,602,494,74332,3091,2856,208019,13385,11046,159501,36722,36640,84372,10241,10222,47122,8886,8838,126323,10472,10059,97475,13510,13411,17067,619,602,29558,868,844,93570,9065,8721,299404,42317,41701,78325,9294,8497,16521,1275,1101,247113,28878,25269,34435,2129,2053,369681,38791,34301,473742,41119,38730,15598,624,564,24010,1003,824,9343,606,584,8480,322,321,133687,10294,8190,36775,1848,1701,71156,3102,2978,32787,2860,2473,6827,583,533,23747,1335,1082,8826,895,763,7490,2224,2211,193352,12662,11916,255852,30793,28742,43379,4164,4029,224082,24194,24018,673466,76323,73833,346391,31799,31231,52914,7324,6747,536226,20145,17347,227910,22405,20442,355397,39620,37333,99258,4988,4817,127487,17215,16891,31849,1641,1503,453709,42724,25754,69443,2125,1854,99544,6600,5456,113199,8334,8065,132765,9025,8415,48515,3295,3215,20007,634,612,7165,156,152,171898,16995,16464,116651,4891,4157,82724,2942,2764,218348,11520,9195,38462,2301,2161,12925,287,266,64318,3512,2952,214736,6840,5994,73578,1926,1556,24214,1299,1145,27522,1340,1027,84707,4845,3884,37506,1274,1023,38954,1548,1151,87580,8870,8278,47795,2800,2434,21137,454,452,100904,5996,5570,112273,4856,4644,142763,8058,7541,47795,2800,2434,66551,4296,4064,33066,801,770,163607,6948,5794,19628,628,587,41387,1482,1065,36105,596,583,13520,343,339,18132,1309,1090,58874,4277,3409,54970,2260,1933,27791,552,433,29800,1305,765,15351,1053,705,47777,2684,2359,404509,29125,25547,17058,2337,2311,12247216,810487,733478
2019.2/2,5428,46,46,45148,455,388,70244,669,544,21709,313,300,39575,700,577,9116,353,330,28632,1347,1280,32187,2103,1914,1172886,32100,29486,1172886,32100,29486,433036,13414,12043,571052,16302,14370,452266,34077,31487,61739,2113,1914,301039,9940,9213,579876,22482,18403,16912,1237,1182,41408,3534,3329,41408,3534,3329,25166,809,626,33744,1556,1276,188971,10318,8372,165206,7927,6800,33744,1556,1276,70474,2682,2511,298542,13198,12114,176712,4383,3719,27461,553,482,207703,6415,5636,60052,2536,2180,108294,4856,4466,4009,108,104,11232,580,487,78981,3484,3136,214859,13174,11245,148954,34414,34213,94729,2878,2841,44201,489,416,133165,7184,6293,107835,5129,5080,18226,512,478,30284,1017,912,98381,6310,5812,333739,16733,15907,79315,2897,2227,16277,682,512,249410,22054,17801,35237,1870,1754,371662,28851,23604,487963,36572,34507,16477,1216,1001,23061,563,494,9027,336,286,8558,299,299,135878,9690,8109,37091,1892,1680,73552,3639,3409,31947,2157,1915,5419,239,239,25330,1041,1011,12042,1415,1092,7291,3027,2987,194562,12965,11957,252118,28744,26429,48540,2641,2591,230353,15771,15623,721723,47980,45487,355603,22310,21591,52840,4565,4427,539777,21078,17119,221894,19604,18566,349808,31279,30009,98721,5128,4916,127914,11675,11443,31443,1133,1131,459676,41229,21605,70889,2145,1790,94791,6335,5883,111010,11184,10818,137679,8437,7981,51758,3029,2866,18529,1071,1060,7532,374,348,176815,29516,29388,120750,4262,3181,86511,2546,2149,224150,10047,8064,38402,1718,1660,12225,168,157,59953,2493,2097,207208,5288,4608,70126,1796,1455,24612,1284,1060,27851,1096,778,82049,4117,3796,38428,1259,1132,38281,1731,1346,90992,8473,7985,48874,1786,1438,21421,409,407,104732,5048,4891,100141,4921,4560,142497,6441,6079,48874,1786,1438,70474,2682,2511,35233,678,658,161325,5518,4676,19751,798,762,38139,1510,1151,34968,1111,1080,14489,388,387,18876,1440,1343,60968,4182,3407,53018,1918,1565,26480,782,700,30609,1053,699,14016,607,509,49250,1873,1586,405116,28624,24743,18825,956,917,12429758,687724,611815
2020.1/2,7963,180,179,56992,658,626,29188,450,431,22299,192,172,41050,415,390,16894,1716,1708,25164,462,426,36605,2020,1742,34624,1815,1617,1165914,37306,34735,423558,13927,13346,590648,18671,16830,377701,32912,31204,45204,1511,1438,242990,6439,5867,42916,1215,1139,16529,1224,1153,19242,3185,2994,28089,2104,1953,21837,1185,1070,13787,886,811,209114,14561,12155,87204,3121,2749,12329,365,346,4213,47,47,322112,18666,16946,176103,4870,4159,32039,1032,813,197731,5766,5234,64060,2744,2574,31504,1777,1578,6290,143,122,10988,570,515,71463,2897,2725,35868,1999,1447,143785,20287,19867,87758,11201,11040,44121,7417,7405,114137,8770,8285,41359,7334,7171,17926,665,649,26576,1146,1116,84901,8074,7642,242756,40099,37920,78519,9698,8837,16348,1388,1268,228315,21805,19031,19383,823,796,152167,13212,12159,212625,17467,16321,11933,693,593,21507,685,671,8580,866,803,5311,192,165,94689,7780,7022,31982,1252,1188,66523,3307,2903,34636,3069,2927,6521,1430,1410,12385,668,668,9486,811,793,7413,715,692,202304,13909,13118,218873,20480,19164,49645,4651,4083,213286,21917,21738,295974,28414,27811,361583,37596,37112,56700,7307,7123,519995,19099,16784,28647,4111,3945,251122,14548,14237,89615,3495,3407,102235,11917,11801,27724,515,505,416960,32339,20700,69210,2221,2112,120473,9447,8812,107936,20676,20625,123682,13790,12985,44376,2649,2629,24190,1420,1350,10810,443,431,161232,23360,23072,140357,6123,5573,78802,2544,2261,177984,7028,5892,33495,2509,2421,13060,370,224,61239,3316,2730,145807,2530,2410,86619,2541,2021,25087,1209,1193,24621,592,517,83692,4370,4089,47830,3492,3150,42056,1569,1197,106218,6607,6383,39328,1358,1279,21042,398,395,92079,5777,5596,102034,4848,4330,138504,7536,7228,17344,990,907,52004,2286,2088,40196,941,830,153021,5479,4782,21332,686,588,39511,1021,774,26514,902,823,16552,667,596,22419,1307,1245,46063,4158,3730,55451,1851,1749,24689,850,842,37345,1065,968,16864,954,737,38124,1260,1117,455619,33225,29927,11819,686,660,12452413,798171,738176
2020.2/2,7022,127,124,53491,421,399,30366,313,298,22053,289,261,38048,333,278,17817,1904,1681,24473,987,974,37051,1675,1626,39227,1008,891,1181359,29208,26984,421849,12615,11713,575276,15101,12909,384364,30755,28855,47376,1324,1210,246042,4843,4675,40213,518,468,17609,1527,1469,18805,2300,2208,27938,1514,1425,20075,492,436,16361,612,602,214081,11864,9441,89937,3914,3157,14682,489,401,5409,60,60,323040,16310,15260,177288,3936,3430,32687,999,940,203118,4643,4018,65271,2144,1606,36496,2272,1924,7342,154,153,11809,665,551,73282,3351,3141,35792,1641,1387,147223,13258,13006,93919,2240,2197,49389,616,603,113879,5588,5234,51645,3431,3354,17376,367,352,28374,739,697,96622,5280,4823,277282,13940,13528,81502,2808,2370,16246,665,605,232320,18058,14775,20067,793,744,157728,7599,6511,221836,23998,22766,11488,558,544,22614,564,482,8844,558,470,5774,372,234,93834,4879,4271,29908,1613,1420,72049,2358,2191,34590,2053,1894,6388,319,306,11906,83,80,9704,784,763,7110,320,316,207285,11970,11440,214638,17421,16156,51087,3128,3046,213705,15928,15594,303255,24239,23047,364879,24806,23829,53393,3311,3210,505608,14459,11211,27282,3320,3059,236658,13400,13076,85756,2915,2808,106942,9404,9274,28778,478,475,423431,31764,17614,71325,1925,1719,102525,7136,6356,95933,14975,14431,126826,11269,10829,47792,4964,4855,25041,1273,1096,9447,1054,1045,158759,22351,22004,145402,5682,4995,80161,2833,2428,172454,6077,4939,34286,1536,1435,11883,415,274,57787,3178,2425,150536,2714,2381,84936,2898,2221,18719,526,394,24448,422,364,78323,3177,2554,41710,1550,1335,37078,1679,1195,115335,8958,8604,37260,1509,1213,21246,387,365,89278,4363,4136,99622,5577,5242,142815,5942,5717,17777,530,464,54305,2105,1878,37065,597,430,147743,6084,4735,21637,686,567,38384,876,755,24107,820,676,14420,412,396,21473,1241,1134,44194,3149,2520,53587,1551,1325,27644,532,483,35703,1368,957,17407,1373,1242,37820,1308,958,454752,31298,25551,12706,377,348,12515581,631476,564288
2021.1/2,7718,196,192,54217,714,675,31395,306,303,20820,236,223,36428,511,387,15140,798,720,29582,392,374,35359,2177,1982,44236,1517,1468,1222106,38431,35653,436179,14089,12875,564071,18249,15578,375816,33182,31421,52653,1517,1370,244393,4644,4556,40767,901,748,20568,1404,1141,17027,2272,2232,29238,2581,2445,27948,1089,833,17500,809,622,229680,17535,13536,95294,4513,3749,14387,869,719,5100,237,237,331604,19708,18095,179388,6333,5434,31583,1140,998,216076,7943,6682,62545,2520,2029,36193,1639,1391,5859,178,176,12790,652,589,79473,3711,3234,33982,2612,2099,143612,16379,15844,92753,12160,12036,50710,8429,8341,122702,11023,10451,56031,9544,9297,18765,657,639,31945,1333,1185,111212,9835,9318,275083,33757,33381,80456,8575,7890,16535,1028,979,241567,20503,18052,21236,1335,1298,162067,12250,11467,224377,16448,15155,13568,831,722,21698,739,701,8749,545,536,9850,536,350,102388,7748,6520,34433,3116,2881,69608,3172,2883,33646,2406,2154,7275,200,200,9841,215,188,8404,641,589,4563,731,574,202336,12126,11322,204829,21560,20283,48926,5360,5111,213631,24076,24016,321156,26783,26081,375237,42620,42185,52784,7850,7689,516869,19983,15651,30756,4185,3764,230991,16082,15278,86517,3504,3327,120068,11055,10673,31135,588,575,413063,34417,17842,67081,2250,1861,104563,8696,7761,91492,11308,11135,137517,9241,8693,52929,3520,3491,33081,1669,1556,10924,1281,1223,140349,20224,20057,147205,7146,6072,86288,3380,2899,175279,8523,6451,31086,2030,1958,12400,463,343,57702,4402,3338,143485,3501,3215,84275,4645,3277,19720,1638,1498,23997,1391,890,75494,4299,2814,37896,1337,886,38437,1909,1606,108614,9314,8997,39771,1578,1229,19561,784,775,96158,6415,6085,96541,4704,4280,141259,7871,7077,18344,803,698,55006,2689,2456,38094,1175,766,147188,7352,5656,21041,898,827,33964,1375,1063,27728,951,775,12944,559,517,24961,1738,1624,49583,3906,2893,55231,2243,1705,26165,1178,1065,33982,1388,992,18670,1549,1357,33654,1904,1512,438320,40600,33172,16170,1379,1300,12684179,819699,734381
2021.2/2,7749,124,122,55047,508,472,31001,212,209,21539,312,271,36544,433,336,16363,952,858,31200,1780,1716,38269,3467,3142,48041,1756,1657,1266566,39205,34973,448236,15749,14615,577122,20679,17212,383631,37110,34109,55236,1869,1819,249917,6500,5806,39576,1026,943,19363,1349,1278,19006,1884,1820,30978,2849,2362,27222,1175,889,16966,1358,1009,247563,19222,15347,103449,5907,4925,16928,902,754,4219,97,84,347973,20304,18306,182054,7023,6093,33414,1186,981,221677,9531,7145,64396,3489,2739,38242,2107,1942,6149,243,192,12609,442,401,86438,5183,4647,35005,1970,1565,145025,12314,12153,91037,2623,2584,48205,507,452,123257,7523,7306,62153,6123,6048,19792,610,497,33448,1326,1109,117736,10179,8737,305142,21248,19807,81725,2801,2396,17465,707,664,246201,19001,15779,22159,1212,1123,164400,8737,7315,232659,16516,15242,14357,998,705,24309,824,799,8480,493,467,11968,595,543,104989,8041,6435,39016,2585,2189,70164,2923,2709,33962,2839,2545,7752,182,168,9262,98,77,9324,1318,1142,4649,1189,1155,205420,14350,12909,208977,23356,20548,47840,3880,3667,217731,16779,16582,323497,29515,28304,395870,30039,29494,67644,8487,8351,532951,21238,16877,30611,3581,2987,237064,18150,17054,91332,4490,4374,126011,15153,14477,33163,717,603,419431,40005,18155,70329,2632,2204,109378,8435,6643,108989,24733,24512,145878,22894,22389,56205,8114,7957,34184,2213,2106,10070,1027,1016,145205,59175,58829,147810,9369,7866,88413,3378,2765,183360,9821,6359,31789,1255,1088,13775,510,375,57701,4152,3219,142437,3701,2935,76662,3719,2426,19284,1128,866,23413,1415,828,76473,5714,4559,35995,1801,1148,36949,1981,1481,105190,7199,6397,37471,2233,1861,19164,364,341,103953,6242,5919,97944,6201,5524,138746,9845,8390,17792,861,667,57349,1803,1613,43104,814,628,151809,9012,5798,22329,758,709,33670,1499,1050,26996,1698,1366,12020,545,519,24473,1962,1788,51243,5239,4496,55052,2695,1902,27333,1571,1205,32472,1477,968,18699,1189,982,36357,1766,1491,440716,42363,33832,14304,1152,1037,13067272,870365,758596
2022.1/2,7845,182,174,56748,899,783,31660,420,383,22932,489,400,36825,622,389,16898,1288,1124,31580,494,455,37568,3502,2853,50011,1746,1558,1281356,50041,44697,447053,16257,14290,584464,24775,19622,382478,43190,39888,53699,2127,2053,242219,7256,6629,36375,786,645,20569,1739,1638,16623,1405,1364,33270,2945,2663,27734,1554,1239,16414,787,719,256886,21778,16604,109057,7077,5607,17399,910,818,4715,81,81,359802,22496,20349,182717,8409,6762,37194,1305,1020,225746,10480,8371,66506,3632,2832,39922,2702,2288,6751,383,342,12660,633,515,89014,6375,5449,36232,2360,1876,145852,19101,18349,88266,13396,13254,45089,8432,8396,122956,9836,9058,58798,11275,10649,21272,1210,1060,34389,1576,1421,121166,10991,9886,285588,36217,34932,84739,9842,9072,18093,1135,1089,259626,25317,22284,23743,1892,1792,170357,13638,12428,239473,21090,19233,14943,1391,998,25082,1603,1412,9121,777,674,11332,743,698,107829,8577,7130,37667,2714,2532,70160,3392,2987,35379,3526,3092,7782,306,306,9223,466,340,9470,1257,1081,4814,942,893,204574,16275,14805,215825,29972,26688,48997,5747,5604,216703,24913,24617,332803,31315,29517,401553,46600,45535,70705,12617,11953,532338,25343,19721,29933,3495,3188,226080,17767,16439,88778,4521,4284,127123,15471,14994,32606,456,430,419068,42292,19514,71203,2560,1970,106831,10333,8307,134191,14259,13845,147698,17147,15769,54586,7451,7281,34173,2090,1781,12120,982,975,160849,45117,44715,149205,8614,6993,87051,3286,2746,178138,10420,6224,32324,1904,1756,13603,511,289,57449,4655,3455,142171,5088,4180,77804,5424,3401,17433,1493,1181,23332,1641,863,75261,6129,3809,35670,1970,1215,34525,1653,1172,97556,6990,6477,39162,2062,1285,19346,412,361,106157,6572,6103,94657,5694,4595,136165,10093,8630,18870,1506,1136,59454,3957,3754,38224,1534,1089,145817,8561,5650,23890,1322,1170,32543,1583,1227,27731,1058,788,11024,730,580,23256,2445,2090,52011,3841,2711,53672,2992,2026,27477,1362,1089,32736,1722,1083,17460,1141,885,38452,2160,1691,442017,49104,35767,12667,1479,1355,13161419,1014867,877099
2022.2/2,7147,44,42,56895,687,630,31857,298,264,21965,355,292,36916,352,323,17264,1371,1189,32000,2297,2135,41945,3806,3130,46508,1367,1190,1293368,42400,36682,451821,16814,14698,588286,23705,18751,394404,42406,37929,51372,1580,1475,240708,6679,6297,37953,1005,896,21723,1532,1363,19830,2039,1926,36379,3104,2567,29826,1460,1149,18088,1370,1180,268065,22641,16109,110217,5855,4786,18507,1189,1018,4751,108,100,366935,20702,17726,183533,8043,6322,37653,1242,1004,233083,10415,8015,67162,2937,2161,40250,2194,1838,7100,151,124,13454,638,513,93799,4978,4404,36134,2232,1598,147731,19064,18417,88273,2877,2712,45302,610,588,124748,6036,5509,66226,5971,5737,21667,739,620,35210,1461,1208,125384,8574,7282,290259,17280,15733,85620,3805,2919,17917,780,636,263460,21684,18431,24368,1374,1254,172892,10341,8113,242140,18900,16683,15171,1193,926,25261,1074,837,9261,351,341,11993,360,350,108332,8212,6310,38988,2610,2244,74748,4052,3351,34535,2904,2692,7210,429,400,10030,752,740,10202,1380,1222,7065,2077,1945,213683,17146,14946,235091,36857,31883,49408,3484,3203,217779,18599,18201,341865,30366,28096,410635,31579,30093,70367,6891,6212,526063,22359,16414,28329,2741,2325,227634,20403,18007,90340,5612,5199,132017,13776,12759,32943,707,627,419867,44435,18472,73505,2603,1933,109551,10190,7919,131688,23836,23318,153840,23382,22811,50789,7548,7262,35480,1105,1074,11868,1285,1266,197290,59547,59128,149620,8258,5860,87319,3606,2946,188058,11477,7066,32020,1880,1694,13030,467,291,57615,4926,3089,148801,4947,3684,71103,4602,2902,16666,1306,911,24259,2125,1203,73739,6932,4453,36702,2353,1167,36206,1932,1272,98112,8517,7844,39368,1462,1091,18541,258,224,102189,5703,5160,96288,7696,6903,132500,7987,6312,20028,1353,831,58262,3677,3462,36920,1195,868,145086,8590,5986,24371,1080,845,31938,1644,1077,27693,1612,1444,11864,675,556,24224,2560,2157,51724,5439,4276,53765,3476,2446,27024,1436,1042,32567,1487,1003,18168,1404,1114,37000,1988,1443,449307,46286,34117,12044,1121,1013,13385094,941947,788685
2023.1/2,7441,124,118,57178,691,665,32517,297,257,22955,379,276,38685,742,613,18355,1156,860,33234,752,691,43320,2958,2340,44001,824,673,1315382,47322,41669,460299,16558,14458,591961,24324,19029,388701,43185,39752,53033,1719,1500,240325,7434,6847,36522,1478,1364,22712,2282,1854,20046,3231,3167,36784,2697,2209,30812,1552,1321,16366,934,732,278254,20756,14684,112699,5680,4553,17405,986,784,4611,103,89,378843,22677,20312,190498,9074,7258,36548,1458,1139,231818,9885,7821,67715,3369,2710,40594,2286,1774,6839,260,208,13410,691,514,105499,7704,6953,35179,1953,1457,150518,23254,22600,87985,13186,13077,44099,8015,7987,123812,11985,11494,68366,12696,12492,22125,1033,930,36832,1735,1530,126767,13038,11591,288003,40468,38801,86196,10518,9453,18906,1498,1399,273826,25368,22502,24229,1712,1563,178388,14756,13787,251006,20129,18451,16716,965,727,25766,1713,1389,9989,935,902,11450,277,233,110253,8095,6421,36777,3064,2661,84198,4669,3848,37664,3530,3331,9135,1289,1224,11139,1896,1703,10769,1686,1510,6135,1519,1460,219831,20969,18923,245385,39609,35410,45837,4083,3433,219085,27021,26653,345246,34634,32231,413023,50271,48431,67715,8104,7830,524152,23677,17810,25459,3495,3339,228269,22138,20606,88642,5561,5227,123578,13063,12512,33931,780,736,418497,49654,24597,73744,2506,2107,113041,12321,10505,102654,14745,14464,143208,16962,15463,55294,6247,5988,37684,1962,1839,11351,1073,1018,175319,50089,49726,155779,8602,6724,87674,3526,2774,191617,10401,6907,31233,2340,1951,14007,518,370,56613,4828,3818,146368,6017,5087,68852,3723,2763,15748,1029,671,25038,1789,1177,76000,7349,5017,36266,2421,1666,35235,2245,1859,105189,10126,9513,40422,2132,1589,18451,681,611,104245,7682,6975,90700,3968,3206,131971,6914,5842,19580,1279,1102,60576,3177,2841,37270,1140,1001,140260,8424,6309,24578,1017,840,31013,1236,845,26815,905,768,10673,806,581,24397,2428,2219,53265,4921,3505,51694,2547,2116,26410,1080,861,31237,1442,1209,17255,989,772,34973,1472,1262,452878,42358,33459,11826,1836,1615,13459274,1053771,916879
2023.2/2,7706,59,58,58696,548,511,29517,350,344,18993,132,117,33766,503,387,23418,1906,1783,30075,1598,1565,45553,2788,2342,44431,932,897,1391727,44296,39029,454854,15569,13990,601196,23468,18891,408683,34481,31446,54590,1520,1410,247429,5802,5204,40093,2025,1981,21972,1667,1566,13963,1004,960,42111,2674,2248,33188,1332,993,17628,492,314,300296,20038,15110,106210,4886,4013,19332,1013,797,5043,68,68,355692,16754,14673,189985,6664,4662,34465,1136,953,233496,8256,6569,65527,2645,2087,42214,1826,1404,3362,165,143,11708,694,622,97490,5036,4443,30533,2318,1822,154521,14643,14218,82895,2140,2044,39586,336,336,132987,6723,6158,74005,6010,5841,24307,1094,944,36739,1488,1445,118907,7759,6430,282055,16084,15346,84630,3138,2295,18985,963,695,272378,19457,17024,21056,1170,1078,171050,9359,8182,246874,18643,17164,18293,1047,792,17592,504,416,8107,278,250,7701,371,351,114437,8596,6862,35547,1793,1669,75542,2998,2502,38051,2401,2162,8820,842,742,13281,1302,1182,10267,1089,988,7611,1950,1807,220776,18048,16454,249460,37934,35290,51062,3674,2837,202579,16924,16570,408659,41714,39160,392210,30145,28895,77745,11318,11161,488516,18285,14307,17993,2708,2519,225531,19758,18884,81406,4778,4606,139751,16480,15313,26568,555,516,389395,35720,20380,74702,2472,2025,105972,9570,7808,130326,20801,20566,142545,17294,16806,57334,6966,6725,30553,1873,1601,8373,551,494,192446,63216,62801,147918,6981,5617,85185,3971,3368,185717,8954,6107,32916,1838,1486,14424,516,461,55983,3782,2395,146437,4523,3661,86642,4266,3058,14691,1106,992,25247,1393,948,73057,5402,4024,38730,2376,1457,40192,2031,1516,114258,13790,13186,41472,1625,1265,19944,468,451,102891,6281,5722,102230,7307,6493,125042,6136,5096,16839,1038,902,55269,2631,2527,42195,2038,1593,135616,6034,4100,23736,809,553,30361,1369,1126,25871,689,610,13211,497,371,22531,1426,1275,59819,4568,3530,60755,4014,2887,26718,1216,939,31355,1522,1160,17377,646,411,40118,2450,1988,492143,45402,35268,14972,2172,2050,13589901,891555,779142
2024.1/2,6277,102,101,61084,895,861,30656,310,305,18030,128,97,33726,509,448,21060,1642,1622,30612,338,330,58668,5107,4579,42640,804,766,1388531,47175,42694,461508,15141,13374,604071,25041,20850,395819,41417,38293,60304,2073,1970,257092,7402,7126,33970,1801,1731,19241,1601,1448,13374,1014,882,53046,3599,3172,37520,1764,1444,16679,491,428,294652,17680,14154,114305,5535,4588,19492,963,810,6337,86,86,380021,22024,20418,188593,8098,6422,33347,1583,1300,237563,7995,6799,66523,2428,2000,43134,2415,2079,3069,72,62,11829,575,471,102441,4255,3765,31769,1987,1440,151974,19068,18445,81521,13127,13080,35183,6776,6755,138685,15589,15168,81029,14614,14477,26402,1091,1038,37522,1310,1185,116745,10998,9863,270881,30602,29854,83366,8652,7463,18663,1651,1439,278619,22919,21260,21784,1405,1338,173949,14503,13550,246296,20544,18936,19815,1535,1371,18672,580,536,8026,555,475,8157,917,816,117123,8440,7502,44469,3256,3151,77293,5524,5132,37776,3073,2966,8281,1180,1163,13015,963,951,9468,1458,1320,6831,2002,1849,224903,20755,19408,248277,48304,45768,52254,5269,4961,203744,27524,27022,407559,43623,41705,401727,51734,50441,85390,20918,20726,495160,21730,17816,27530,4630,4404,213767,22630,21755,81851,6467,6115,138164,16895,16119,26677,536,488,397826,41203,24858,80817,3452,2984,106545,11847,11162,108099,12697,12648,127388,12828,12416,48532,7682,7557,32532,2308,2167,7246,590,583,183043,52798,52254,150129,7829,6415,86308,4019,3413,191685,8645,6582,31012,2453,2295,13410,528,380,53518,3829,3133,140735,5241,4397,78071,3924,3146,13338,593,476,25336,1515,1174,78376,5243,4141,37827,1775,1166,37071,1039,858,130562,14432,13593,41216,1735,1303,20433,196,185,109693,7834,7315,106378,4975,4158,131924,7962,7036,15916,984,719,59347,3319,3086,41604,1328,1234,141181,6826,5437,24287,1055,873,30225,885,752,24505,940,822,14967,799,741,22590,1490,1370,58703,5410,4257,58800,3940,3070,23854,1108,917,32853,2173,1641,18922,551,503,42626,2045,1676,452791,39562,33785,15931,2035,1982,13647444,1046630,950730
