,소비자물가지수,기대인플레이션율,생산자물가지수,국내공급물가지수,수입물가지수,전산업생산지수,경기종합지수,제조업 평균가동률,생산지수-총지수,생산자제품 출하지수-총지수,생산자제품 재고지수-총지수,물가수준전망,경제심리지수,경제활동인구,실업률,경제활동참가율,예금은행대출금,M1상품별구성내역,주택담보대출,무담보콜금리,국고채금리(1년),국고채금리(10년),"회사채(3년,AA-)","회사채(3년,BBB-)",주택담보대출 연리,환율-원/미국달러,수입금액지수,수입물량지수,순상품교역조건지수,소득교역조건지수,주택매매가격지수,아파트 매매 가격지수,KOSPI 시가총액,미국 소비자물가지수,중국 생산자물가지수,미국 생산자물가지수,한국은행 기준금리,추계인구,남성 인구,여성 인구,고령 인구 비율(65세 이상),합계출산율,Wage
2003-06-01,69.592,4.3,76.42,72.07,74.12,63.2,99.8,77.9,52.271,59.101,44.934,145.62,93.3,23266,3.4,62.2,514392.6,278561.3,173025.1054,4.03,4.28,4.46,5.28,8.37,4.7158,1194.02,34.22,47.8,160.5,48.66,52.173,55.472,4.90E+11,84.24,98.539,76.5,4,"47,892,330.00","24,120,872.00","23,771,458.00",8.2,1.191,2275
2003-07-01,69.53,4.2,76.56,72.07,74.11,62.5,99.7,73.4,50.337,56.079,45.327,145.62,92.9,23371,3.6,62.4,521914.1,277602.5,175101.5942,3.85,4.27,4.95,5.65,8.74,4.7158,1181.59,38.3,53.12,160.08,49.46,52.289,55.472,4.90E+11,84.34,98.539,76.34,3.75,"47,892,330.00","24,120,872.00","23,771,458.00",8.2,1.191,2284.079814
2003-08-01,69.845,4.2,76.84,72.48,74.59,61.3,99.8,77.5,50.364,56.521,45.217,145.62,99,23024,3.5,61.5,527182.6,279840.7,177178.083,3.77,4.15,5.26,5.87,9.06,4.7158,1178.42,35.08,48.17,159.4,48.2,52.462,55.472,4.90E+11,84.66,98.539,76.5,3.75,"47,892,330.00","24,120,872.00","23,771,458.00",8.2,1.191,2294.520812
2003-09-01,70.477,4.2,77.16,72.39,73.27,63.4,99.8,78.2,52.302,59.297,44.16,145.62,99.5,23161,3.3,61.8,530888.4,286391.5,179254.5718,3.76,4.07,4.77,5.24,8.87,4.7158,1166.17,37.77,51.39,159.14,53.25,52.904,55.472,4.90E+11,84.93,98.539,76.78,3.75,"47,892,330.00","24,120,872.00","23,771,458.00",8.2,1.191,2308.396203
2003-10-01,70.539,4.2,77.39,73.21,75.52,65.8,100.2,79.8,58.751,66.05,43.873,145.62,99.2,23348,3.4,62.2,538219,286354.8,181331.0606,3.77,4.11,4.87,5.18,9.05,4.7158,1166.27,42.64,58.36,160,61.74,53.432,55.466,4.90E+11,84.84,98.539,77.22,3.75,"47,892,330.00","24,120,872.00","23,771,458.00",8.2,1.191,2323.978567
2003-11-01,70.413,4.1,77.74,74.02,77.54,65.4,100.3,78.7,56.971,63.96,43.82,145.62,103.3,23344,3.5,62.2,543614.6,291032.3,183407.5494,3.8,4.47,5.35,5.53,9.64,4.7158,1184.87,40.74,54.25,157.42,56.78,53.241,55.4,4.90E+11,84.61,98.539,77,3.75,"47,892,330.00","24,120,872.00","23,771,458.00",8.2,1.191,2342.133242
2003-12-01,70.73,4.1,78.25,74.83,79.31,71.5,100.6,80.8,59.367,66.167,44.232,145.62,103.2,23061,3.8,61.4,538260.9,296103.4,185484.0382,3.79,4.67,5.43,5.61,9.89,4.7158,1192.95,45.72,60.18,157.13,60.1,52.801,55.1,4.90E+11,84.52,98.539,77.33,3.75,"47,892,330.00","24,120,872.00","23,771,458.00",8.2,1.191,2361.522895
2004-01-01,71.172,4.2,79.32,75.96,80.75,62.1,100.9,79.6,53.661,59.701,45.556,145.62,106.3,22941,4,61,543893.6,302742.1,187560.527,3.8,4.6,5.42,5.67,9.99,4.7158,1184.32,42.15,54.63,157.1,52.09,52.586,55,4.88E+11,84.93,98.539,78.39,3.75,"48,082,519.00","24,210,740.00","23,871,779.00",8.6,1.164,2383.266686
2004-02-01,71.487,3.4,80.31,76.95,80.65,60.6,101.4,82.7,56.703,62.783,46.584,145.62,107.4,23059,4.1,61.3,548387.1,303377.3,189637.0158,3.78,4.42,5.43,5.63,10.03,4.7158,1166.69,45.12,57.07,156.8,56.35,52.693,55.1,4.87E+11,85.39,98.539,78.77,3.75,"48,082,519.00","24,210,740.00","23,871,779.00",8.6,1.164,2406.569958
2004-03-01,72.181,3.5,81.08,78.01,81.79,66.6,101.6,80.6,60.936,68.08,46.754,145.62,106,23417,4,62.2,553624.1,306044,191713.5046,3.77,4.25,5.26,5.37,9.85,4.7158,1166.34,49.65,61.88,155.66,62.22,52.8,55.4,4.87E+11,85.94,98.539,79.33,3.75,"48,082,519.00","24,210,740.00","23,871,779.00",8.6,1.164,2430.438459
2004-04-01,72.181,3.5,81.47,78.33,81.77,65.5,101.6,81.1,59.115,66.054,45.901,145.62,108.4,23666,3.7,62.8,557483.3,305419.1,193789.9934,3.77,4.13,5.25,5.29,9.76,4.7158,1150.85,48.79,59.94,153.75,60.49,52.888,55.6,4.87E+11,86.22,98.539,80.27,3.75,"48,082,519.00","24,210,740.00","23,871,779.00",8.6,1.164,2456.289936
2004-05-01,72.119,3.4,81.67,79.38,84.73,65.5,101.2,81.5,59.241,65.626,46.83,145.62,99.3,23712,3.5,62.9,561227.4,302576.9,195866.4822,3.77,4.07,5.16,5.07,9.54,4.7158,1177.37,45.71,55.42,153.41,59.81,52.879,55.7,4.87E+11,86.72,98.539,81.38,3.75,"48,082,519.00","24,210,740.00","23,871,779.00",8.6,1.164,2482.290488
2004-06-01,72.119,3.3,81.59,78.97,83.31,66,101,78.5,59.106,65.804,46.252,145.62,96.7,23774,3.4,63,560960.8,304425.7,197942.971,3.78,4.12,5.01,4.91,9.37,4.7158,1158.65,47.84,57.24,152.55,57.66,52.743,55.6,4.87E+11,87,98.539,81.6,3.75,"48,082,519.00","24,210,740.00","23,871,779.00",8.6,1.164,2510
2004-07-01,72.561,3.3,81.92,79.54,84.67,64.4,100.6,77.9,56.924,63.136,46.838,145.62,95.6,23768,3.6,62.9,563483.2,305909.5,200019.4598,3.78,4.06,4.88,4.77,9.22,4.7158,1157.66,47.47,56.78,152.75,58.49,52.603,55.5,4.87E+11,86.86,98.539,81.71,3.75,"48,082,519.00","24,210,740.00","23,871,779.00",8.6,1.164,2538.389265
2004-08-01,73.191,3.4,82.64,80.76,87.01,62.9,100.1,78.6,55.715,62.093,46.816,145.62,96.3,23374,3.6,61.8,565922.8,303292,202095.9486,3.62,3.73,4.33,4.38,8.8,4.7158,1159,46.25,54.49,152.72,54.31,52.394,55.4,4.87E+11,86.9,98.539,82.04,3.5,"48,082,519.00","24,210,740.00","23,871,779.00",8.6,1.164,2565.404454
2004-09-01,73.191,3.3,82.98,80.84,85.76,65.5,100,78.8,57.297,64.216,46.339,145.63,97.9,23735,3.3,62.7,567134.5,307810.4,204172.4374,3.53,3.5,4.14,4.1,8.52,4.7158,1147.97,46.96,53.94,152.04,56.1,52.283,55.3,4.50E+11,87.09,98.539,81.88,3.5,"48,082,519.00","24,210,740.00","23,871,779.00",8.6,1.164,2594.603012
2004-10-01,73.191,3.3,83.01,81.49,88.24,66.7,99.9,78.3,61.956,69.358,46.412,145.42,95.3,23840,3.4,62.9,570394.9,310041.4,206248.9262,3.53,3.48,4.05,4.01,8.4,4.7245,1144.04,52.59,60.55,153.98,60.98,52.157,55.2,4.51E+11,87.55,98.539,83.15,3.5,"48,082,519.00","24,210,740.00","23,871,779.00",8.6,1.164,2623.010531
2004-11-01,72.75,3.3,83.07,80.35,83.91,67,99.7,80.3,62.5,69.816,47.477,145.42,92.1,23738,3.5,62.6,572392.3,310468.9,208325.415,3.36,3.34,3.96,3.86,8.26,4.7245,1091.19,52.61,58.91,152.16,59.94,51.926,55,4.54E+11,87.59,98.539,83.87,3.25,"48,082,519.00","24,210,740.00","23,871,779.00",8.6,1.164,2652.347358
2004-12-01,72.877,3.4,82.46,78.65,79.85,72,99.3,79.8,61.845,68.179,48.379,145.26,90.3,23498,3.8,62,565655.4,320002.1,210401.9038,3.28,3.28,3.85,3.73,8.14,4.7245,1050.91,53.71,60.02,151.92,59.05,51.71,54.8,4.48E+11,87.27,98.539,83.26,3.25,"48,082,519.00","24,210,740.00","23,871,779.00",8.6,1.164,2680.554732
2005-01-01,73.594,3.2,83.26,80.44,83.28,64.6,99.2,82.3,61.412,67.51,51.205,145.18,95.4,23141,4.3,61,568933.9,321944.6,212478.3926,3.27,3.48,4.42,4.11,8.54,4.7245,1038.23,50.33,56.95,151.56,56.9,51.567,54.6,4.31E+11,87.45,98.539,83.65,3.25,"48,184,561.00","24,243,234.00","23,941,327.00",9,1.085,2709.33966
2005-02-01,73.892,3.3,83.42,80.52,83.23,60,98.9,78.7,52.852,59.564,49.953,145.14,108.8,23127,4.3,60.9,570979.8,329012.5,214554.8814,3.27,3.48,4.88,4.63,9.05,4.7245,1022.43,47.77,51.5,149.97,49.03,51.732,54.9,4.69E+11,87.96,98.539,84.04,3.25,"48,184,561.00","24,243,234.00","23,941,327.00",9,1.085,2737.579619
2005-03-01,74.338,3,83.5,80.92,84.54,68.8,99.1,80.8,64.286,71.518,49.754,145.25,111.4,23550,4.1,62,571698.4,334697.1,216631.3702,3.25,3.82,4.77,4.48,8.74,4.7245,1007.49,58.91,62.37,147.7,59.79,51.93,55.2,4.49E+11,88.65,98.539,85.2,3.25,"48,184,561.00","24,243,234.00","23,941,327.00",9,1.085,2764.221842
2005-04-01,74.413,2.9,83.73,81.41,85.6,67.2,98.8,78.8,62.036,68.962,50.304,145.25,111,23823,3.8,62.6,577621.1,334317.9,218707.859,3.26,3.71,4.69,4.28,8.36,4.7245,1010.94,55.07,56.6,143.41,53.92,52.229,55.6,4.23E+11,89.24,98.539,85.93,3.25,"48,184,561.00","24,243,234.00","23,941,327.00",9,1.085,2790.868991
2005-05-01,74.338,3.3,83.19,80.44,83.69,68.1,98.7,76.6,62.287,68.41,51.205,145.14,104.2,23995,3.6,63.1,583455.7,331442.5,220784.3478,3.3,3.6,4.42,4.12,8.11,4.7245,1002.21,54.65,55.6,140.31,53.89,52.512,56.1,4.51E+11,89.15,98.539,85.54,3.25,"48,184,561.00","24,243,234.00","23,941,327.00",9,1.085,2815.635831
2005-06-01,74.114,3.5,82.81,80.27,84.92,68.8,98.6,77.6,61.662,68.824,49.303,145.25,102.3,24028,3.6,63.1,586738.7,337217.3,222860.8366,3.28,3.66,4.46,4.18,8.15,4.7245,1010.87,54.46,56.06,139.09,56.48,52.94,56.7,4.68E+11,89.2,98.539,85.54,3.25,"48,184,561.00","24,243,234.00","23,941,327.00",9,1.085,2840
2005-07-01,74.413,3.3,83.32,81.25,87.18,67.6,98.5,77.5,61.412,67.373,50.454,145.43,99.3,23991,3.7,62.9,593173.3,346659.4,224937.3254,3.25,3.77,4.89,4.52,8.49,4.7245,1037.44,54.95,56.31,137.84,55.63,53.379,57.3,5.18E+11,89.61,98.539,86.65,3.25,"48,184,561.00","24,243,234.00","23,941,327.00",9,1.085,2863.018144
2005-08-01,74.636,3.2,83.55,81.65,88.01,66.3,98.5,78,59.226,66.129,49.053,145.43,103.8,23619,3.6,61.9,597123,346984.8,227013.8142,3.25,3.88,5.08,4.75,8.74,4.7245,1021.17,56.4,57.73,137.4,54.88,53.573,57.6,5.06E+11,90.07,98.539,87.37,3.25,"48,184,561.00","24,243,234.00","23,941,327.00",9,1.085,2882.828537
2005-09-01,75.008,2.9,83.92,82.3,89.31,69,98.4,78.6,60.85,67.304,49.354,145.4,107.1,23863,3.6,62.5,600881.6,347135.3,229090.3029,3.25,4.19,5.15,4.92,8.86,4.7245,1029.33,58.79,58.81,134.82,56.62,53.702,57.7,5.71E+11,91.17,98.539,89.92,3.25,"48,184,561.00","24,243,234.00","23,941,327.00",9,1.085,2903.946816
2005-10-01,74.859,3.1,84.14,82.39,88.81,69.9,98.5,80.4,66.035,72.555,49.354,145.28,105.5,24015,3.6,62.8,606538.9,339969.4,231166.7917,3.44,4.44,5.36,5.2,9.01,4.7245,1046.25,58.55,58.1,133.78,57.69,53.685,57.8,5.43E+11,91.35,98.539,92.13,3.5,"48,184,561.00","24,243,234.00","23,941,327.00",9,1.085,2923.83645
2005-11-01,74.561,3.1,83.9,81.49,86.83,72.4,99,83.1,69.096,75.596,49.854,145.81,109.8,23950,3.3,62.5,612255.5,307025.1,233243.2805,3.5,4.57,5.68,5.5,9.26,4.7158,1041.43,60.82,61.52,134.86,61.25,53.682,57.8,6.09E+11,90.62,98.539,90.75,3.5,"48,184,561.00","24,243,234.00","23,941,327.00",9,1.085,2944.109353
2005-12-01,74.785,3.1,83.66,81.01,85.95,78,99.4,80.4,68.471,75.458,50.855,145.99,112.8,23517,3.5,61.4,613922.8,318419.2,235319.7693,3.69,4.67,5.6,5.49,9.21,4.7302,1024.15,62.18,64.08,134.82,60.44,53.785,57.9,6.55E+11,90.25,98.5426,90.36,3.75,"48,184,561.00","24,243,234.00","23,941,327.00",9,1.085,2963.731304
2006-01-01,75.231,3,83.95,81.01,85.14,68.1,99.7,82.6,64.848,70.344,53.558,146.49,115.8,23347,3.8,60.8,617446.1,327542.1,237396.2581,3.75,4.62,5.58,5.5,9.19,4.7159,987.03,59.24,60.77,133.84,55.38,53.964,58.2,6.66E+11,90.94,98.539,91.08,3.75,"48,438,292.00","24,369,561.00","24,068,731.00",9.3,1.132,2984.296371
2006-02-01,75.381,3,83.99,80.84,84.18,65.1,99.7,81.8,62.724,68.893,53.358,146.74,117.1,23374,4.1,60.8,623634.3,326548.3,239472.7469,3.92,4.57,5.28,5.33,8.79,4.7095,970.22,60.37,60.36,131.81,53.66,54.208,58.5,6.66E+11,91.12,98.4925,89.7,4,"48,438,292.00","24,369,561.00","24,068,731.00",9.3,1.132,3005.445854
2006-03-01,75.827,3,83.88,80.76,84.52,72.4,99.8,81.1,69.845,76.771,54.359,146.74,117.4,23783,3.9,61.8,628647.7,325711.9,241549.2357,3.98,4.57,5.42,5.3,8.48,4.7095,975.09,66.84,66.31,130.4,61.26,54.556,59,6.63E+11,91.63,98.4925,89.92,4,"48,438,292.00","24,369,561.00","24,068,731.00",9.3,1.132,3026.746253
2006-04-01,75.902,2.8,84.03,81.16,85.77,71.1,99.8,79.6,66.847,73.661,53.808,146.45,116.1,24098,3.5,62.6,638214.3,324222.6,243625.7245,3.97,4.61,5.45,5.24,8.31,4.7159,954.44,63.15,62.67,129.95,57.4,55.038,59.6,6.93E+11,92.41,98.539,91.08,4,"48,438,292.00","24,369,561.00","24,068,731.00",9.3,1.132,3049.903533
2006-05-01,76.05,2.8,84.32,81.9,87.35,72.3,100,79.5,68.409,75.181,55.109,146.28,110.2,24286,3.2,63,645478.6,323908.4,245702.2133,3.96,4.59,5.2,5.05,8.03,4.7159,941.4,67.81,65.13,127,59.75,55.6,60.3,6.42E+11,92.87,98.539,91.91,4,"48,438,292.00","24,369,561.00","24,068,731.00",9.3,1.132,3073.697383
2006-06-01,75.902,2.8,84.17,81.97,88.15,71.8,99.8,78.6,67.409,74.283,55.059,146.27,104.8,24343,3.4,63,652960.9,326949.2,247778.7021,4.16,4.7,5.25,5.17,8.07,4.7159,955.16,67.02,62.32,124.15,58.46,55.866,60.6,6.33E+11,93.05,98.539,92.08,4.25,"48,438,292.00","24,369,561.00","24,068,731.00",9.3,1.132,3100
2006-07-01,76.199,3,84.43,82.46,89.38,68.2,99.1,72.8,62.35,68.064,56.31,146.24,103.6,24310,3.4,62.9,657414.5,330267.7,249855.1909,4.21,4.82,5.16,5.18,8.05,4.7159,950.15,65.68,61.22,124.54,55.08,55.986,60.8,6.36E+11,93.32,98.539,92.47,4.25,"48,438,292.00","24,369,561.00","24,068,731.00",9.3,1.132,3128.237739
2006-08-01,76.645,3,84.98,83.35,91.01,70.4,99,78.9,65.16,72.417,54.859,146.74,105.8,24027,3.4,62.1,662591,325958.2,251931.6797,4.42,4.76,4.94,5.1,7.94,4.7095,960.72,69.08,63.28,123.1,57.8,56.121,60.9,6.65E+11,93.51,98.4925,93.08,4.5,"48,438,292.00","24,369,561.00","24,068,731.00",9.3,1.132,3155.240347
2006-09-01,76.868,3,85.26,82.79,87.85,75.4,99.3,82.1,71.845,79.188,54.809,146.42,107.4,24168,3.2,62.4,672121.2,327648.4,254008.1685,4.48,4.68,4.89,5.02,7.82,4.7159,953.68,70.96,64.49,123.06,63.73,56.392,61.2,6.74E+11,93.05,98.539,91.69,4.5,"48,438,292.00","24,369,561.00","24,068,731.00",9.3,1.132,3186.516149
2006-10-01,76.496,3,84.47,81.73,86.76,72.8,100.4,82.6,69.221,75.526,54.859,146.16,109.7,24338,3.3,62.7,680074.3,333597.5,256084.6573,4.48,4.64,4.79,4.93,7.72,4.7303,954.23,66.04,61.54,126.1,59.19,57.151,62.2,6.70E+11,92.55,98.5426,89.92,4.5,"48,438,292.00","24,369,561.00","24,068,731.00",9.3,1.132,3217.88886
2006-11-01,76.125,2.9,84.06,80.92,85.39,76.2,100.8,82.7,74.032,80.847,55.16,146.16,110,24323,3.2,62.6,692188.3,337666,258161.1461,4.47,4.7,4.91,5.05,7.84,4.7303,936.22,68.64,64.9,126.49,65.83,58.925,64.5,7.03E+11,92.41,98.5426,91.25,4.5,"48,438,292.00","24,369,561.00","24,068,731.00",9.3,1.132,3251.156238
2006-12-01,76.348,3.1,83.99,80.92,85.45,80.8,101,79.2,69.971,77.393,55.559,146.5,107.8,23888,3.3,61.5,699430.3,351588.5,260237.6349,4.49,4.85,4.95,5.18,7.97,4.7303,925.75,70.56,66.6,125.73,61.77,60.024,66,7.05E+11,92.55,98.5426,91.8,4.5,"48,438,292.00","24,369,561.00","24,068,731.00",9.3,1.132,3283.890813
2007-01-01,76.496,3,83.99,80.44,83.96,71.6,100.9,80.3,70.471,76.217,59.364,146.48,106.8,23709,3.6,60.9,700256.6,353494.2,262314.1237,4.63,4.98,5.04,5.32,8.11,4.7303,936.36,71.25,66.5,124.16,59.09,60.548,66.9,6.69E+11,92.83,98.5426,90.91,4.5,"48,683,638.00","24,491,190.00","24,192,448.00",9.8,1.259,3317.981136
2007-02-01,77.017,2.9,84.04,80.84,85.51,69.2,101,80.1,62.599,70.274,57.862,146.5,113.3,23660,3.7,60.7,708048.2,350734.7,264390.6125,4.6,4.96,5.01,5.28,8.08,4.7303,937.02,65.82,63.02,125.48,57.58,60.768,67.2,6.96E+11,93.32,98.5426,92.47,4.5,"48,683,638.00","24,491,190.00","24,192,448.00",9.8,1.259,3352.041822
2007-03-01,77.464,3,84.4,81.9,88.29,75.8,101.1,79.5,72.282,80.709,57.062,146.21,113.8,24082,3.5,61.7,717066.5,335446.8,266467.1013,4.6,4.89,4.94,5.2,7.99,4.7159,943.26,75.71,71.49,123.2,65.31,60.88,67.4,7.13E+11,94.17,98.539,93.85,4.5,"48,683,638.00","24,491,190.00","24,192,448.00",9.8,1.259,3384.691279
2007-04-01,77.761,2.9,84.99,82.63,89.33,74.5,101.3,80.2,71.095,79.188,55.96,146.42,115.2,24454,3.4,62.6,728294.8,305602.5,268543.5901,4.68,4.97,5.07,5.34,8.11,4.7159,931.5,75.9,69.94,120.65,62.57,60.959,67.5,7.57E+11,94.79,98.539,95.02,4.5,"48,683,638.00","24,491,190.00","24,192,448.00",9.8,1.259,3417.812385
2007-05-01,77.836,2.9,85.47,83.11,89.78,75.8,101.3,80.2,72.345,80.156,57.162,150.01,114.4,24648,3.2,63,735674.4,301184.5,270620.0789,4.62,5.11,5.22,5.49,8.25,4.6996,927.91,76.34,68.63,119.48,61.69,60.979,67.6,8.35E+11,95.37,98.6093,96.07,4.5,"48,683,638.00","24,491,190.00","24,192,448.00",9.8,1.259,3448.987105
2007-06-01,77.836,2.8,85.64,83.11,89.52,76.7,101.3,79.1,71.908,79.396,57.311,150.03,113.2,24702,3.2,63.1,747823,302511.7,272696.5677,4.54,5.15,5.48,5.64,8.42,4.6943,928.32,72.65,64.66,118.84,61.95,61.062,67.7,8.64E+11,95.55,98.6112,96.35,4.5,"48,683,638.00","24,491,190.00","24,192,448.00",9.8,1.259,3480
2007-07-01,78.134,2.9,85.75,83.11,89.5,75.5,101.4,78,70.845,77.807,57.862,150.86,114.9,24667,3.3,62.9,755114,302375.6,274773.0565,4.67,5.29,5.52,5.75,8.51,4.7022,918.85,75.05,66.95,119.36,63.54,61.221,67.8,9.61E+11,95.53,98.8081,97.07,4.75,"48,683,638.00","24,491,190.00","24,192,448.00",9.8,1.259,3509.567548
2007-08-01,78.208,2.8,85.7,83.35,90.35,75.6,101.4,80,71.033,77.737,57.862,149.18,117.2,24347,3.1,62,764660.6,298066.1,276849.5453,4.91,5.3,5.42,5.7,8.42,4.6932,933.8,75.6,66.84,119.46,63.58,61.336,68,9.32E+11,95.35,98.8062,95.57,5,"48,683,638.00","24,491,190.00","24,192,448.00",9.8,1.259,3535.085638
2007-09-01,78.655,2.8,86.11,84.24,92.44,75.9,101.3,78.8,69.721,76.425,56.411,150.07,116.7,24487,3,62.3,777069.8,299048,278926.0341,4.97,5.39,5.52,5.85,8.54,4.6951,932.41,69.78,62,119.59,60.55,61.498,68.2,9.74E+11,95.61,98.7635,96.18,5,"48,683,638.00","24,491,190.00","24,192,448.00",9.8,1.259,3562.152786
2007-10-01,78.803,2.9,86.29,84.57,93.3,80.1,101.6,83.1,80.341,87.273,57.562,150.57,115.2,24643,3,62.6,790358.7,297999.3,281002.5229,5,5.34,5.56,5.98,8.6,4.7037,915.86,83.99,73.03,117.44,69.62,61.656,68.5,1.03E+12,95.82,99.0526,96.85,5,"48,683,638.00","24,491,190.00","24,192,448.00",9.8,1.259,3587.290103
2007-11-01,78.803,3,86.64,85.96,97.08,80.4,101.7,82.8,79.717,87.135,57.512,150.95,114.4,24643,3,62.5,807189.4,299714.7,283079.0117,5,5.36,5.61,6.16,8.72,4.709,916.98,86.78,73.46,115.33,68.48,61.823,68.8,9.54E+11,96.39,98.9036,99.23,5,"48,683,638.00","24,491,190.00","24,192,448.00",9.8,1.259,3612.311176
2007-12-01,79.101,3,86.99,86.77,98.73,86.3,102.2,81.1,76.53,84.026,58.663,150.49,111.8,24173,3.1,61.3,803724.1,307809.3,291082.9,4.99,5.6,5.82,6.73,9.16,4.709,930.24,86.56,70.57,112.71,60.27,61.91,69,9.52E+11,96.32,98.8066,99.01,5,"48,683,638.00","24,491,190.00","24,192,448.00",9.8,1.259,3635.733617
2008-01-01,79.472,3.2,87.48,87.91,101.74,77.7,102.5,83.2,78.904,84.233,61.967,152.07,111.8,23921,3.3,60.5,815649.1,305868,291623.3,4.99,5.47,5.56,6.64,8.78,4.7157,942.39,93.24,75.6,111.25,59.89,62.08,69.3,8.17E+11,96.8,98.8172,100.34,5,"49,054,708.00","24,671,648.00","24,383,060.00",10.2,1.192,3659.256687
2008-02-01,79.771,3.3,88.29,89.44,104.5,73.2,102.5,81,69.408,75.941,62.167,152.09,114.2,23894,3.5,60.4,822528.9,304580.7,290639,4.97,5,5.28,6.27,8.54,4.7136,944.69,84.45,67.39,110.11,55.28,62.271,69.5,8.60E+11,97.08,99.6011,101.28,5,"49,054,708.00","24,671,648.00","24,383,060.00",10.2,1.192,3682.228514
2008-03-01,80.515,3.5,89.44,92.77,113.03,80.5,102.4,82,80.091,88.103,61.817,152.57,106.9,24309,3.4,61.4,833537.3,299792.8,291617.7,4.97,5.05,5.36,6.13,8.54,4.719,979.86,95.78,74.65,108.71,64.04,62.746,70.1,8.61E+11,97.92,99.8891,104.16,5,"49,054,708.00","24,671,648.00","24,383,060.00",10.2,1.192,3704.06778
2008-04-01,80.962,3.4,91.34,95.53,117.32,79.4,102.1,82.8,79.029,86.236,62.318,151.5,108.6,24699,3.2,62.3,849091.3,298474.4,294082.5,4.99,5.06,5.17,5.91,8.46,4.706,986.66,98.08,73.41,106.96,63.28,63.294,71.1,9.27E+11,98.52,99.8945,105.83,5,"49,054,708.00","24,671,648.00","24,383,060.00",10.2,1.192,3726.368201
2008-05-01,81.63,3.8,93.18,100.48,129.85,79.9,101.8,79.8,79.029,85.408,64.369,151.59,103.8,24905,3.1,62.7,858336.1,304239.8,296070.9,4.99,5.07,5.5,6.22,8.89,4.6,1036.73,98.94,71.76,105.48,61.66,63.679,71.8,9.40E+11,99.35,99.8534,108.99,5,"49,054,708.00","24,671,648.00","24,383,060.00",10.2,1.192,3747.822914
2008-06-01,82.151,4.1,94.67,102.76,133.35,78.9,101.3,79.4,77.155,83.266,66.572,153.99,98.9,24944,3.1,62.7,870377.1,305514.3,297787.5,4.93,5.22,5.89,6.68,9.42,4.6022,1029.27,97.68,67.38,102.37,58.08,64.064,72.5,8.51E+11,100.35,100.5983,111.15,5,"49,054,708.00","24,671,648.00","24,383,060.00",10.2,1.192,3770
2008-07-01,82.747,4.4,96.52,104.62,134.79,78.8,101,78.1,77.093,84.026,66.222,163,93.5,24887,3.1,62.5,883185.6,306584.4,300567.5,4.98,5.41,6.03,6.99,9.84,4.606,1019.12,110.4,73.52,100.57,61.11,64.314,73,8.10E+11,100.88,101.1826,113.92,5,"49,054,708.00","24,671,648.00","24,383,060.00",10.2,1.192,3792.274911
2008-08-01,82.598,4.2,96.24,102.84,128.86,76.3,100.8,77.7,72.595,79.257,66.021,142,102,24593,3.1,61.7,891376.3,304538.7,302169,5.21,5.44,5.91,7.11,10,4.6176,1041.54,104.31,67.97,99.02,52.64,64.442,73.3,7.50E+11,100.47,99.6398,110.32,5.25,"49,054,708.00","24,671,648.00","24,383,060.00",10.2,1.192,3813.10825
2008-09-01,82.673,4.5,95.85,103.25,131.84,78.8,100.7,76.9,74.344,81.262,66.021,140,98.2,24665,3,61.8,900567.8,307067.8,303947.1,5.21,5.48,5.99,7.46,10.44,4.609,1130.4,101.18,69.94,101.29,57.27,64.591,73.6,7.37E+11,100.33,99.5005,109.15,5.25,"49,054,708.00","24,671,648.00","24,383,060.00",10.2,1.192,3835.226187
2008-10-01,82.598,4.6,95.59,104.47,137.25,79.2,100.4,79.1,79.092,85.822,67.323,147,82.5,24787,3,62.1,913084.4,310565.5,305064.7,4.89,5.2,5.53,7.95,11.08,4.7367,1326.92,91.42,67.08,103.14,59.25,64.557,73.5,5.66E+11,99.32,99.4201,103.33,4.25,"49,054,708.00","24,671,648.00","24,383,060.00",10.2,1.192,3856.337488
2008-11-01,82.375,4.5,93.37,100.08,128.16,75.5,99.7,70.1,68.908,75.872,66.572,143,71.3,24772,3,62,920259.6,316330.9,306854.2,4,5.03,5.73,8.56,11.98,4.7461,1390.09,73.32,60.33,106.2,50.31,64.297,73.1,5.54E+11,97.42,98.5244,98.01,4,"49,054,708.00","24,671,648.00","24,383,060.00",10.2,1.192,3877.698076
2008-12-01,82.375,4.3,91.8,96.75,120.86,80,98.5,62.7,62.474,71.242,62.718,135,61.2,24233,3.3,60.6,917110.1,323725.9,308879.2,3.27,3.99,4.87,8.35,12.3,4.7056,1373.84,67.84,62.66,110.51,50.05,63.833,72.4,5.77E+11,96.41,100.1742,94.74,3,"49,054,708.00","24,671,648.00","24,383,060.00",10.2,1.192,3897.784832
2009-01-01,82.45,4.2,91.54,95.94,118.69,71,97.8,62.9,58.975,64.747,62.017,134,68,23907,3.6,59.6,921674.4,331358,309604.6,2.43,2.72,4.42,7.34,11.95,4.7056,1346.1,64.06,62.38,112.92,44.54,63.479,71.9,5.98E+11,96.83,101.4163,94.91,2.5,"49,307,835.00","24,774,341.00","24,533,494.00",10.5,1.149,3917.785373
2009-02-01,83.045,4.3,92.16,97.72,123.34,70.6,97.6,68.2,62.911,69.308,58.913,137,70.6,23863,3.9,59.5,926602.2,334521.7,312117.3,2.06,2.36,5.24,7.07,12.4,4.7034,1429.46,57.26,55.88,111.55,50.6,63.32,71.7,5.47E+11,97.31,98.5804,93.85,2,"49,307,835.00","24,774,341.00","24,533,494.00",10.5,1.149,3936.863771
2009-03-01,83.64,4.5,92.59,98.53,124.95,78,97.7,70.3,72.032,78.636,58.012,146,73.4,24256,4,60.4,934597.3,342777,314239.2,1.77,2.51,4.97,6.14,12.12,4.7158,1461.98,60.93,60.63,112.37,58.21,63.209,71.6,6.23E+11,97.55,98.539,93.19,2,"49,307,835.00","24,774,341.00","24,533,494.00",10.5,1.149,3954.302123
2009-04-01,83.862,4.3,92.7,95.94,115.25,78.5,97.8,73.2,73.22,79.879,56.211,143,90.9,24649,3.8,61.3,940529.8,350446,315504.9,1.79,2.49,4.9,5.68,11.81,4.7245,1341.9,63.02,63.37,113.21,62.7,63.247,71.6,7.11E+11,97.79,98.539,93.74,2,"49,307,835.00","24,774,341.00","24,533,494.00",10.5,1.149,3971.111486
2009-05-01,83.862,4.2,91.99,94.4,111.75,77.4,97.8,73.3,72.532,78.636,55.81,141,96,24847,3.8,61.8,943796.4,355922,318258.4,1.91,2.56,5.05,5.16,11.43,4.7116,1258.71,58.97,59.09,115.39,59.44,63.315,71.7,7.26E+11,98.07,98.539,94.68,2,"49,307,835.00","24,774,341.00","24,533,494.00",10.5,1.149,3986.062369
2009-06-01,83.788,4.3,91.75,95.62,117.47,81.9,98.5,75.9,76.656,83.266,55.259,146,99,25114,3.8,62.3,947207.9,362111.3,322190.1,1.93,2.85,5.26,5.21,11.4,4.7158,1261.35,65.67,63.81,113.92,63.54,63.438,71.8,7.20E+11,98.92,98.539,96.51,2,"49,307,835.00","24,774,341.00","24,533,494.00",10.5,1.149,4000
2009-07-01,84.086,4.1,92.8,96.51,117.44,79.5,98.6,77.2,77.842,82.989,55.81,146,100.2,24938,3.7,61.8,950708.7,363421.4,326140.4,1.94,2.75,5.18,5.46,11.53,4.7158,1263.97,70.35,65.25,110.42,64.7,63.611,72.1,8.09E+11,98.76,98.539,95.63,2,"49,307,835.00","24,774,341.00","24,533,494.00",10.5,1.149,4012.317742
2009-08-01,84.384,3.8,93.33,97.64,119.86,77,98.7,76.7,73.594,78.498,56.061,144,108.6,24704,3.7,61.2,956229.6,361012.4,329474.6,1.98,3.14,5.44,5.74,11.87,4.6959,1238.4,70.3,65.08,111,59.97,63.812,72.3,8.30E+11,98.98,98.539,97.01,2,"49,307,835.00","24,774,341.00","24,533,494.00",10.5,1.149,4022.212847
2009-09-01,84.459,3.7,93.42,97.08,117.54,85,98.9,79.9,83.339,88.655,56.561,147,110.2,24811,3.3,61.4,958578.1,367070.3,328843,1.98,3.44,5.38,5.58,11.77,4.51,1219.15,75.51,67.35,109.08,66.7,64.268,72.9,8.73E+11,99.04,98.4521,96.51,2,"49,307,835.00","24,774,341.00","24,533,494.00",10.5,1.149,4032.051836
2009-10-01,84.235,3.5,92.67,96.02,116.25,80.3,99.1,78.2,80.029,85.684,56.26,146,112.9,24842,3.2,61.4,958048.5,371531.7,331159.4,2,3.52,5.45,5.6,11.8,4.65,1175.25,78.17,69.73,108.91,66.29,64.512,73.2,8.29E+11,99.14,98.5577,97.12,2,"49,307,835.00","24,774,341.00","24,533,494.00",10.5,1.149,4040.700059
2009-11-01,84.384,3.3,92.99,97.08,118.49,81.8,99.1,78.9,81.653,87.481,56.861,146,109.3,24807,3.3,61.3,963885.1,370979.7,333097.8,2,3.28,5.39,5.43,11.6,4.77,1164.23,74.94,65.32,107.12,65,64.676,73.4,8.19E+11,99.21,98.584,98.34,2,"49,307,835.00","24,774,341.00","24,533,494.00",10.5,1.149,4048.994201
2009-12-01,84.682,3.2,93.46,97.57,119.1,91.2,99,79.4,84.214,89.899,57.813,147,110.6,24245,3.5,59.8,953505.2,376977.3,335906.3,2,3.3,5.31,5.35,11.45,4.85,1166.45,84.16,71.32,105.31,66.78,64.768,73.5,8.88E+11,99.03,98.454,98.64,2,"49,307,835.00","24,774,341.00","24,533,494.00",10.5,1.149,4056.648168
2010-01-01,85.351,3.1,93.87,98.3,118.58,79.3,99.2,79.3,81.813,86.524,63.288,148,113.6,24258,5,59.8,955782.2,381218.2,336072.7,2,3.29,5.35,5.4,11.47,4.9,1138.82,81.1,69.17,108.03,60.5,64.851,73.6,8.48E+11,99.37,97.79,99.03,2,"49,554,112.00","24,881,114.00","24,672,998.00",10.8,1.226,4064.432361
2010-02-01,85.523,3.1,94.03,98.8,118.94,77.6,99.7,79.8,74.857,79.244,64.398,147,116.8,24217,4.8,59.6,958052.8,387858.6,337116.9,2,3.12,5.3,5.32,11.39,4.92,1157.08,79.5,66.78,106.7,58.32,65.04,73.9,8.44E+11,99.4,98,99.22,2,"49,554,112.00","24,881,114.00","24,672,998.00",10.8,1.226,4072.354003
2010-03-01,85.696,3,94.47,99.13,119.91,87.4,100.1,80.6,88.421,94.08,63.484,146,115.6,24567,4.1,60.4,962695.9,386015.4,339197.8,2.01,2.83,4.92,5.02,11.08,4.93,1137.64,91.34,77.61,108.51,71.1,65.201,74.1,9.04E+11,99.81,98.45,99.03,2,"49,554,112.00","24,881,114.00","24,672,998.00",10.8,1.226,4080.402725
2010-04-01,86.041,3,95.16,99.73,120.97,84.1,100.3,81,87.986,93.527,64.071,145,117,25053,3.7,61.5,967784.2,388174.7,341352.9,2,2.67,4.91,4.69,10.75,4.84,1117.11,91.02,75.45,107.41,71.5,65.327,74.2,9.32E+11,99.98,99.54,99.12,2,"49,554,112.00","24,881,114.00","24,672,998.00",10.8,1.226,4089.375245
2010-05-01,86.128,3,95.96,101.17,124.39,84.9,100.7,80.6,87.029,91.592,64.724,146,116.3,25293,3.2,62.1,974047.5,394880.2,343616.7,2.01,2.73,4.95,4.48,10.54,4.71,1163.11,89.18,72.29,104.81,68.79,65.358,74.2,9.04E+11,100.06,99.82,99.32,2,"49,554,112.00","24,881,114.00","24,672,998.00",10.8,1.226,4098.941703
2010-06-01,86.041,2.9,96.07,102.01,127.31,87.5,100.8,80.8,88.943,94.357,64.071,147,115.1,25352,3.5,62.2,975225.8,400132.8,346343.4,2,2.92,4.93,4.65,10.62,4.59,1212.33,89.38,72.89,104.1,71.49,65.365,74.2,9.37E+11,99.96,99.5,99.42,2,"49,554,112.00","24,881,114.00","24,672,998.00",10.8,1.226,4110
2010-07-01,86.214,3,96.31,102.11,126.84,84.7,101,81.1,88.855,93.159,65.833,148,115.3,25435,3.7,62.3,978910,403785.1,348923.3,2.2,3.14,4.91,4.81,10.75,4.58,1207.3,90.19,74.72,104.75,73.35,65.303,74,9.73E+11,99.98,99.07,99.9,2.25,"49,554,112.00","24,881,114.00","24,672,998.00",10.8,1.226,4122.452439
2010-08-01,86.647,3.1,96.6,101.91,126.68,81.6,100.6,79.2,83.899,89.473,66.028,152,113.8,25051,3.3,61.3,978486.6,400882.5,348915.4,2.27,3.13,4.68,4.68,10.62,4.62,1179.92,90.29,75.02,104.4,69.5,65.271,74,9.64E+11,100.12,99.47,100,2.25,"49,554,112.00","24,881,114.00","24,672,998.00",10.8,1.226,4134.862437
2010-09-01,87.337,3.1,97.16,102.39,126.54,83.7,100.2,79.5,84.769,89.933,65.767,149,114.1,25134,3.4,61.4,983395.2,404413.5,350814.9,2.27,2.99,4.28,4.41,10.36,4.67,1167.01,89.76,73.12,102.48,69.65,65.333,74,1.04E+12,100.18,100.33,100.1,2.25,"49,554,112.00","24,881,114.00","24,672,998.00",10.8,1.226,4149.790374
2010-10-01,87.337,3.3,97.52,102.45,124.95,85.4,99.7,80.3,91.463,97.029,66.551,148,111.8,25236,3.3,61.6,991773.6,405000.1,353400.6,2.26,2.8,4.11,4.13,10.14,4.68,1123.45,93.89,75.51,101.62,76.15,65.469,74.2,1.05E+12,100.3,101.27,100.78,2.25,"49,554,112.00","24,881,114.00","24,672,998.00",10.8,1.226,4165.327849
2010-11-01,86.906,3.2,97.85,103.23,127.37,86.1,99.7,80.7,91.637,97.674,66.616,148,113.3,25092,3,61.2,997054.2,414912.8,356505.9,2.37,2.92,4.48,4.19,10.27,4.69,1126.2,98.61,77.62,100.54,73.26,65.721,74.5,1.06E+12,100.34,103.04,101.56,2.5,"49,554,112.00","24,881,114.00","24,672,998.00",10.8,1.226,4182.406162
2010-12-01,87.251,3.2,98.76,104.88,133.08,95,100.1,82.3,93.637,99.24,68.051,148,111.8,24790,3.5,60.3,987148.1,425673.9,359825.8,2.5,2.87,4.46,4.17,10.21,4.71,1147.55,102.52,79.23,99.55,74.69,65.991,74.9,1.14E+12,100.52,103.71,102.53,2.5,"49,554,112.00","24,881,114.00","24,672,998.00",10.8,1.226,4199.823427
2011-01-01,88.288,3.6,100.28,105.91,132.46,85.9,101,83.8,91.551,97.49,68.181,157,111.6,24362,3.8,59.2,993802.1,429368.1,361370.6,2.66,3.09,4.69,4.52,10.52,4.76,1120.07,108.42,81.76,97.4,69.92,66.3,75.3,1.16E+12,100.99,104.7,103.22,2.75,"49,936,638.00","25,069,867.00","24,866,771.00",11,1.244,4218.636264
2011-02-01,88.892,3.7,101.03,107.18,136.18,77.3,100.8,80.5,79.987,86.156,67.137,153,113.1,24694,4.5,60,1001239.2,432482.8,363460.7,2.75,3.39,4.76,4.72,10.74,4.84,1118.14,94.09,69.45,97.42,62.22,66.83,76,1.09E+12,101.49,105.6,103.41,2.75,"49,936,638.00","25,069,867.00","24,866,771.00",11,1.244,4238.171212
2011-03-01,89.238,3.9,102.24,109.33,141.08,90.8,100.9,82,96.159,102.188,68.442,158,109.8,25193,4.3,61.1,1008342.8,430936.6,366083.7,2.92,3.42,4.51,4.54,10.58,4.96,1122.45,117.16,83.3,96.27,74.42,67.482,76.9,1.18E+12,102.48,106.2,103.31,3,"49,936,638.00","25,069,867.00","24,866,771.00",11,1.244,4257.662386
2011-04-01,89.325,4,102.87,109.8,141.95,86.7,100.4,80.6,92.854,98.411,68.964,157,113.5,25524,3.7,61.8,1020032.7,425420.5,369210.2,3.01,3.43,4.48,4.54,10.58,5.05,1086.84,114.1,78.8,95.16,71.72,68.037,78,1.23E+12,103.14,106.8,103.61,3,"49,936,638.00","25,069,867.00","24,866,771.00",11,1.244,4278.304668
2011-05-01,89.497,3.9,103.18,109.74,138.92,87.3,100.8,80.7,93.202,97.674,70.857,156,111.3,25775,3.2,62.4,1027141.8,423994.7,371112.4,3.02,3.43,4.34,4.44,10.48,5.13,1083.54,115.83,77.31,91.08,69.14,68.511,78.2,1.20E+12,103.63,107.11,103.7,3,"49,936,638.00","25,069,867.00","24,866,771.00",11,1.244,4298.666237
2011-06-01,89.67,4,102.95,109.85,138.21,90.2,101,81.5,94.246,98.687,71.639,153,108.3,25900,3.3,62.6,1028822.5,421885.3,373466.3,3.2,3.49,4.24,4.4,10.44,5.17,1081.27,114.8,77.82,91.94,70.98,68.848,78.7,1.18E+12,103.52,107.11,103.9,3.25,"49,936,638.00","25,069,867.00","24,866,771.00",11,1.244,4320
2011-07-01,90.102,4,103.09,109.41,136.49,86.8,101,80.5,92.159,96.015,72.945,154,107.4,25780,3.3,62.2,1036406.5,418973.1,376063.1,3.26,3.59,4.23,4.48,10.47,5.2,1059.5,113.46,77.25,92.2,72.37,69.129,79.2,1.20E+12,103.61,107.11,103.61,3.25,"49,936,638.00","25,069,867.00","24,866,771.00",11,1.244,4341.540125
2011-08-01,90.707,4.3,103.22,109.61,136.84,84.8,101.2,79.5,88.334,93.343,73.075,157,106.3,25556,3,61.6,1042136.7,422649.3,378014.7,3.25,3.5,3.96,4.29,10.27,5.22,1073.17,115.33,78.18,91.39,69.11,69.47,79.7,1.06E+12,103.89,107.31,103.7,3.25,"49,936,638.00","25,069,867.00","24,866,771.00",11,1.244,4361.142927
2011-09-01,90.62,4.3,103.3,110.91,141.63,87.8,100.8,80.1,90.768,96.015,73.271,152,105.9,25372,3,61.2,1052250.8,425196.4,379947.1,3.25,3.41,3.75,4.24,10.18,5.23,1118.61,116.71,79.67,91.41,72.72,69.848,80.2,1.00E+12,104.05,107.31,103.31,3.25,"49,936,638.00","25,069,867.00","24,866,771.00",11,1.244,4382.989234
2011-10-01,90.448,4.3,103.2,111.52,143.01,88.4,101,80.7,95.376,100.622,75.293,152,104,25710,2.9,61.9,1064421.3,421480.1,382936.1,3.24,3.46,3.86,4.29,10.22,5.23,1155.45,110.21,75.75,90.51,71.5,70.126,80.5,1.08E+12,103.84,106.6,103.9,3.25,"49,936,638.00","25,069,867.00","24,866,771.00",11,1.244,4404.254544
2011-11-01,90.534,4.2,102.87,110.52,141.01,88.4,100.7,79.9,95.028,99.701,76.728,149,104.1,25621,2.9,61.6,1071358.2,423111.9,384750.5,3.26,3.42,3.8,4.24,10.09,5.22,1132.31,109.69,76.81,91.39,72.87,70.403,80.9,1.05E+12,103.75,105.9,104.39,3.25,"49,936,638.00","25,069,867.00","24,866,771.00",11,1.244,4426.335647
2011-12-01,90.879,4.1,102.97,110.53,141.22,96.6,100.7,78,95.811,101.728,78.23,152,100,25181,3,60.5,1063192.5,432602.2,388415.9,3.26,3.4,3.81,4.24,10.04,5.2,1147.45,117.19,81.82,89.7,73.65,70.521,81.1,1.04E+12,103.49,105.5,104.97,3.25,"49,936,638.00","25,069,867.00","24,866,771.00",11,1.244,4447.787954
2012-01-01,91.242,4.2,103.5,111.07,142.61,84.7,100.3,79.9,88.681,94.725,77.837,150,101,24884,3.5,59.7,1066592.2,439352.9,387634.7,3.26,3.39,3.8,4.24,10.04,5.19,1145.85,112.49,79,91.03,64.4,70.631,81.3,1.12E+12,103.95,105.4,105.26,3.25,"50,199,853.00","25,187,380.00","25,012,473.00",11.5,1.297,4470.020722
2012-02-01,91.588,4.1,104.21,111.52,143.3,84.6,100.7,82.3,92.246,97.766,76.598,150,104.6,25129,4.2,60.3,1069053.8,437193.9,388301.6,3.25,3.41,3.81,4.25,10.02,5.18,1123.35,115.16,80.11,91.3,71.31,70.749,81.3,1.16E+12,104.41,105.6,105.07,3.25,"50,199,853.00","25,187,380.00","25,012,473.00",11.5,1.297,4492.29871
2012-03-01,91.614,4.1,104.73,112.48,145.68,91.5,100.5,79.9,97.028,102.281,76.794,149,105.9,25519,3.7,61.1,1070385.9,440075.4,389347.6,3.25,3.47,3.95,4.36,10.09,5.16,1125.9,115.66,78.86,90.11,72.26,70.856,81.3,1.16E+12,105.2,105.9,104.68,3.25,"50,199,853.00","25,187,380.00","25,012,473.00",11.5,1.297,4513.880885
2012-04-01,91.605,3.9,104.78,112.65,144.11,86.7,100.6,80.4,92.854,97.858,76.011,147,109.3,25959,3.5,62.2,1076282.8,437445.3,390543.3,3.25,3.45,3.9,4.25,9.96,5.14,1135.55,112.96,75.85,88.28,68.13,70.932,81.3,1.14E+12,105.52,106,104.68,3.25,"50,199,853.00","25,187,380.00","25,012,473.00",11.5,1.297,4536.185164
2012-05-01,91.769,3.8,104.19,111.85,141.39,89.4,100.7,80.4,96.245,101.267,77.12,147,105.4,26243,3.1,62.8,1080860.2,438795.3,391537.5,3.26,3.37,3.75,4.01,9.63,5.12,1154.27,114.7,78.68,88.36,71.87,70.967,81.1,1.06E+12,105.39,105.7,104.97,3.25,"50,199,853.00","25,187,380.00","25,012,473.00",11.5,1.297,4557.752559
2012-06-01,91.639,3.8,102.93,109.8,136.37,90.3,100.6,79,94.942,100.622,74.901,145,100.9,26241,3.2,62.7,1083714.2,441611,392841.2,3.26,3.29,3.63,3.87,9.48,5.1,1165.51,107.67,76.51,89.67,74.7,70.941,80.9,1.07E+12,105.24,104.9,105.46,3.25,"50,199,853.00","25,187,380.00","25,012,473.00",11.5,1.297,4580
2012-07-01,91.432,3.7,102.48,108.7,135.21,88.2,100.8,77.7,92.159,96.936,75.293,143,96.4,26181,3.1,62.5,1085112.3,441760.6,393148.1,3.09,3.02,3.3,3.6,9.18,5.05,1143.36,107.69,79.72,93.49,77.05,70.861,80.6,1.09E+12,105.07,104.09,105.56,3,"50,199,853.00","25,187,380.00","25,012,473.00",11.5,1.297,4602.203576
2012-08-01,91.855,3.6,103.11,109.47,137.46,84.7,100.1,74,87.203,92.053,77.837,147,94.7,25891,3,61.8,1089617.2,439573.2,393717.8,3,2.84,3.09,3.4,8.79,4.97,1131.69,105.72,77.46,93.42,72.33,70.79,80.2,1.10E+12,105.65,103.49,105.46,3,"50,199,853.00","25,187,380.00","25,012,473.00",11.5,1.297,4622.990357
2012-09-01,92.512,3.5,103.47,109.84,138.46,89,100,76.4,91.029,97.858,74.706,146,93.6,26014,2.9,62,1096901.7,440034.3,393380.9,2.99,2.85,3.05,3.31,8.69,4.89,1124.78,109.42,78.16,91.49,76.67,70.683,79.9,1.15E+12,106.12,103.49,105.26,3,"50,199,853.00","25,187,380.00","25,012,473.00",11.5,1.297,4645.303044
2012-10-01,92.339,3.3,102.67,108.69,133.89,88,99.7,78,94.594,99.701,75.75,144,91.5,26037,2.8,62,1102654.7,444477.8,393368.7,2.81,2.81,2.97,3.3,8.68,4.78,1106.93,111.61,78.83,90.3,76.48,70.603,79.7,1.10E+12,106.08,103.69,105.56,2.75,"50,199,853.00","25,187,380.00","25,012,473.00",11.5,1.297,4667.060337
2012-11-01,92.011,3.2,101.96,107.5,129.93,90.2,100,78.6,97.898,102.281,79.142,142,90.8,25896,2.8,61.6,1105898.1,445463.9,392903.8,2.75,2.79,2.99,3.32,8.71,4.69,1087.52,111.99,80.45,91.18,79.45,70.55,79.6,1.12E+12,105.58,103.49,106.04,2.75,"50,199,853.00","25,187,380.00","25,012,473.00",11.5,1.297,4689.790385
2012-12-01,92.175,3.1,101.71,106.68,128.57,96.6,100.2,78,95.898,101.452,81.687,141,91.5,25378,2.9,60.3,1099781.8,457778.9,397812.4,2.75,2.8,3.13,3.3,8.79,4.6,1076.97,110.6,80.41,92.18,74.89,70.501,79.3,1.15E+12,105.29,103.49,106.34,2.75,"50,199,853.00","25,187,380.00","25,012,473.00",11.5,1.297,4712.101073
2013-01-01,92.728,3.2,101.87,106.51,127.54,88,100.1,80.5,96.68,101.36,83.906,141,94.6,25138,3.4,59.7,1099778.9,464914.5,395255.1,2.76,2.72,3.05,3.2,8.72,4.55,1065.35,116.57,84.74,92.95,76.04,70.462,79.1,1.14E+12,105.61,103.69,106.24,2.75,"50,428,893.00","25,285,319.00","25,143,574.00",11.9,1.187,4735.557444
2013-02-01,93.038,3.2,102.57,107.69,131.02,83.5,100.1,77.6,84.595,90.487,81.296,137,96.6,25206,3.9,59.8,1101851.1,472239.6,394072.4,2.75,2.68,3.04,3.06,8.66,4.51,1086.68,104.12,75.42,93.05,70.37,70.421,78.9,1.17E+12,106.47,103.89,106.04,2.75,"50,428,893.00","25,285,319.00","25,143,574.00",11.9,1.187,4759.501334
2013-03-01,92.952,3.2,102.16,107.88,129.98,91.1,99.7,76.7,95.289,101.543,80.317,138,98.6,25621,3.5,60.8,1104331.3,472430.1,394484.8,2.74,2.6,2.91,2.95,8.55,4.46,1102.2,112.37,81.05,92.15,77.75,70.389,78.8,1.16E+12,106.75,103.79,106.43,2.75,"50,428,893.00","25,285,319.00","25,143,574.00",11.9,1.187,4783.21218
2013-04-01,92.823,3.1,101.84,107.54,130.1,90.1,99.8,77.2,95.202,100.715,78.751,136,98.2,26149,3.2,62,1110645.3,475330,394136.7,2.75,2.58,2.84,2.91,8.53,4.4,1121.83,112.51,82.87,93.07,78.68,70.391,79,1.14E+12,106.64,103.29,106.73,2.75,"50,428,893.00","25,285,319.00","25,143,574.00",11.9,1.187,4808.348368
2013-05-01,92.823,2.9,101.49,106.61,127.75,90.9,99.7,76.6,96.159,101.636,79.404,135,97.5,26409,3,62.5,1116788.7,475526.7,395960.3,2.56,2.59,2.9,2.96,8.59,4.33,1110.67,108.73,81.29,94.27,83.38,70.381,79.2,1.16E+12,106.83,102.59,106.73,2.5,"50,428,893.00","25,285,319.00","25,143,574.00",11.9,1.187,4833.36255
2013-06-01,92.71,2.8,101.48,107.01,130.45,91,99.9,76.3,93.724,100.07,77.772,132,96.7,26499,3.1,62.7,1125805.5,486587.5,399763.6,2.49,2.66,3.31,3.24,8.87,4.26,1135.21,104.67,78.78,95.13,77.6,70.353,79.2,1.08E+12,107.08,102.09,106.63,2.5,"50,428,893.00","25,285,319.00","25,143,574.00",11.9,1.187,4860
2013-07-01,92.909,2.9,101.46,106.68,129.39,89.7,99.8,74.3,93.898,98.687,80.904,133,95.8,26509,3.1,62.6,1129168.6,488982.7,399803.1,2.48,2.66,3.47,3.38,9.02,4.2,1127.23,111.46,84.24,95.45,79.9,70.351,79.2,1.11E+12,107.13,101.69,106.92,2.5,"50,428,893.00","25,285,319.00","25,143,574.00",11.9,1.187,4887.487261
2013-08-01,93.238,3,101.74,106.74,130.22,87.4,99.8,76,90.334,96.66,80.578,138,95.8,26296,3,62.1,1135486.7,481416.9,400943.6,2.5,2.66,3.61,3.33,9.02,4.16,1116.98,106.73,80.38,94.92,78.75,70.323,79.1,1.13E+12,107.26,101.89,106.63,2.5,"50,428,893.00","25,285,319.00","25,143,574.00",11.9,1.187,4912.98101
2013-09-01,93.419,2.9,101.63,106.25,127.21,88.1,99.7,73.6,87.899,93.435,81.23,144,96.6,26422,2.7,62.3,1141771.1,490518.7,401572.2,2.5,2.67,3.53,3.29,8.99,4.13,1087.35,106.38,79.17,94.17,76.45,70.36,79.1,1.17E+12,107.38,102.09,106.53,2.5,"50,428,893.00","25,285,319.00","25,143,574.00",11.9,1.187,4941.843462
2013-10-01,93.134,2.9,101.27,105.55,124.12,91.9,100,76.9,98.506,103.756,82.405,138,97.8,26522,2.7,62.5,1151207.5,491947.9,403757.6,2.5,2.66,3.44,3.25,8.96,4.1,1066.8,117.1,86.84,93.78,85.71,70.503,79.5,1.19E+12,107.1,102.09,106.92,2.5,"50,428,893.00","25,285,319.00","25,143,574.00",11.9,1.187,4970.312776
2013-11-01,93.116,2.9,101.07,105.13,123.56,91.6,100,76.6,97.55,102.649,84.232,136,98.2,26497,2.6,62.4,1161013.7,499242.7,406464,2.5,2.705,3.584,3.366,9.066,4.07,1062.82,111.24,83.03,94.17,82.83,70.626,79.7,1.20E+12,106.89,102.09,107.31,2.5,"50,428,893.00","25,285,319.00","25,143,574.00",11.9,1.187,5000.180446
2013-12-01,93.229,2.9,101.3,105.16,124.03,98.7,100.2,77.2,98.593,103.756,85.275,135,98,26023,3,61.2,1154760.3,509617.9,410177.2,2.5,2.685,3.653,3.36,9.058,4.04,1056.67,114.14,85.19,94.4,80.11,70.762,79.9,1.19E+12,106.88,102.09,107.99,2.5,"50,428,893.00","25,285,319.00","25,143,574.00",11.9,1.187,5029.417618
2014-01-01,93.73,2.9,101.57,105.85,123.71,89,100.5,78.6,92.594,97.121,85.863,138,100.6,25941,3.4,60.9,1162583.6,515742.5,409978.8,2.5,2.657,3.647,3.319,9.019,4.03,1064.75,115.7,85.41,92.82,76.86,70.842,80.2,1.15E+12,107.27,101.99,108.19,2.5,"50,746,659.00","25,445,077.00","25,301,582.00",12.4,1.205,5059.866974
2014-02-01,93.98,2.9,101.7,105.83,124.78,85,100.5,77.4,87.986,93.435,84.036,136,102.8,26292,4.5,61.7,1169134.7,518475.5,411749.8,2.49,2.64,3.522,3.28,8.974,4.01,1071.3,108.77,81.13,93.73,74.08,70.957,80.5,1.17E+12,107.67,101.79,108.28,2.5,"50,746,659.00","25,445,077.00","25,301,582.00",12.4,1.205,5090.44963
2014-03-01,94.153,2.8,101.66,105.82,124.13,93.7,100.6,78.2,98.245,104.216,84.558,136,100.9,26488,3.9,62.1,1171776.1,520299,413961,2.48,2.659,3.543,3.303,8.994,3.99,1070.89,117.37,87.45,93.38,83.7,71.157,80.8,1.18E+12,108.36,101.48,108.38,2.5,"50,746,659.00","25,445,077.00","25,301,582.00",12.4,1.205,5120.069641
2014-04-01,94.214,2.9,101.5,104.94,121.07,91.6,100.4,78.7,97.636,102.373,85.275,135,102.7,27018,3.8,63.3,1183768.4,518809.3,417289.4,2.49,2.653,3.54,3.303,8.998,3.97,1044.55,118.19,88.57,93.62,86.36,71.304,80.9,1.17E+12,108.72,101.18,108.77,2.5,"50,746,659.00","25,445,077.00","25,301,582.00",12.4,1.205,5150.595213
2014-05-01,94.369,2.8,101.49,104.45,119,90.7,100,75,94.333,100.162,84.558,136,100.8,27066,3.5,63.3,1192150.7,523069.9,419764.5,2.49,2.641,3.402,3.264,8.957,3.95,1024.99,109.2,81.86,93.82,80.81,71.351,80.9,1.19E+12,109.1,101.18,108.77,2.5,"50,746,659.00","25,445,077.00","25,301,582.00",12.4,1.205,5179.955045
2014-06-01,94.248,2.8,101.53,104.42,118.94,92.7,100,76.7,94.42,99.609,83.645,135,97.4,27131,3.5,63.4,1197252.1,532041.2,423608.4,2.48,2.602,3.286,3.168,8.863,3.92,1019.36,107.89,80.7,93.88,78.81,71.401,80.9,1.20E+12,109.3,100.88,108.28,2.5,"50,746,659.00","25,445,077.00","25,301,582.00",12.4,1.205,5210
2014-07-01,94.386,2.8,101.61,104.62,118.32,92.5,100,77.5,97.81,100.991,86.515,135,95.6,27194,3.4,63.5,1203371.5,534028.8,427356.9,2.49,2.488,3.056,2.97,8.668,3.9,1019.93,116.64,86.72,93.66,83.64,71.466,81,1.24E+12,109.26,100.78,108.58,2.5,"50,746,659.00","25,445,077.00","25,301,582.00",12.4,1.205,5239.685178
2014-08-01,94.551,2.8,101.5,104.55,117.37,88,100,73.9,87.986,93.712,84.754,136,97.9,27077,3.3,63.2,1212151.8,538640.3,432501.5,2.34,2.389,3.086,2.926,8.65,3.87,1025.36,110.66,82.74,94.14,78,71.562,81.1,1.24E+12,109.08,100.68,107.99,2.25,"50,746,659.00","25,445,077.00","25,301,582.00",12.4,1.205,5266.290648
2014-09-01,94.49,2.8,101.14,104.08,115.94,89.6,99.7,74,89.725,95.278,84.166,137,100.7,27064,3.1,63.1,1220907.4,548550.8,436656.4,2.24,2.277,3.012,2.786,8.533,3.82,1033.24,113.38,86.06,94.84,82.04,71.758,81.4,1.21E+12,109.16,100.28,107.5,2.25,"50,746,659.00","25,445,077.00","25,301,582.00",12.4,1.205,5295.675344
2014-10-01,94.205,2.7,100.43,103.67,114.7,92.2,99.3,74.1,95.724,100.807,84.819,135,96,27108,3.2,63.1,1235268.5,551416,442106.6,2.07,2.134,2.769,2.595,8.348,3.75,1060.28,113.86,88.14,95.01,89.15,71.97,81.7,1.18E+12,108.89,99.78,106.92,2,"50,746,659.00","25,445,077.00","25,301,582.00",12.4,1.205,5324.196845
2014-11-01,94.015,2.7,100.12,103.25,113.7,91.2,99,74.5,94.507,100.898,84.297,133,97.4,27082,3,63,1244462.8,562006.2,447030.3,1.98,2.047,2.692,2.466,8.256,3.69,1095.1,105.99,85.32,97.04,86.43,72.116,81.9,1.22E+12,108.3,99.28,106.73,2,"50,746,659.00","25,445,077.00","25,301,582.00",12.4,1.205,5353.923319
2014-12-01,94.006,2.6,99.14,101.69,107.86,101,99.3,76.3,99.984,106.059,83.122,131,96.3,26568,3.3,61.8,1250103.3,577721.1,452031.3,1.99,2.072,2.681,2.46,8.286,3.63,1104.33,112.7,94.61,98.04,93.6,72.249,82.1,1.19E+12,107.68,98.67,107.02,2,"50,746,659.00","25,445,077.00","25,301,582.00",12.4,1.205,5383.096534
2015-01-01,94.643,2.6,97.92,99.19,99.72,89.2,99.3,74.6,93.797,99.302,84.785,130,98.2,26380,3.7,61.3,1258300.9,579964.2,453264,1.99,1.995,2.415,2.356,8.209,3.59,1088.86,101.11,89.7,100.8,88.2,72.345,82.3,1.21E+12,107.18,97.57,107.02,2,"51,014,947.00","25,585,894.00","25,429,053.00",12.8,1.239,5413.828106
2015-02-01,94.587,2.6,97.99,98.49,102.52,84.8,99.7,75.9,83.459,89.531,85.4,132,102.7,26671,4.5,61.9,1267564.3,592737.4,457004.1,1.99,1.981,2.346,2.3,8.191,3.56,1098.4,87.16,80.83,105.41,81.53,72.509,82.5,1.24E+12,107.64,96.87,107.41,2,"51,014,947.00","25,585,894.00","25,429,053.00",12.8,1.239,5445.32467
2015-03-01,94.596,2.5,97.87,98.85,102.86,94.7,99.3,73.9,97.086,103.888,85.224,130,101,26840,4,62.2,1273076.7,600719.9,460982.4,1.83,1.838,2.276,2.128,8.027,3.48,1112.57,98.82,90.84,103.89,97.02,72.809,82.9,1.27E+12,108.28,96.87,107.8,1.75,"51,014,947.00","25,585,894.00","25,429,053.00",12.8,1.239,5476.694948
2015-04-01,94.625,2.5,97.84,98.22,100.38,92.9,99.2,74.8,95.301,101.396,86.807,129,103.4,27204,3.9,63,1287415.5,610803.3,468824,1.73,1.703,2.177,1.988,7.888,3.34,1088.66,97.78,90.5,104.61,97.48,73.169,83.4,1.33E+12,108.5,96.57,107.99,1.75,"51,014,947.00","25,585,894.00","25,429,053.00",12.8,1.239,5510.197027
2015-05-01,94.89,2.4,97.9,98.24,101.65,91.3,98.6,72.7,91.447,97.807,86.983,129,101.8,27453,3.7,63.6,1292675.9,621985.5,469218,1.74,1.746,2.49,2.115,8.025,3.31,1091.27,91.25,84.81,105.79,90.84,73.441,83.8,1.32E+12,109.06,96.47,107.7,1.75,"51,014,947.00","25,585,894.00","25,429,053.00",12.8,1.239,5543.829086
2015-06-01,94.909,2.5,97.85,98.65,102.23,95.1,98.5,74.4,95.395,101.097,88.478,131,91.3,27488,3.8,63.6,1283772.4,630546.3,457614.5,1.57,1.63,2.468,2.012,7.923,3.3,1112.2,92.63,85.9,105.1,95.37,73.778,84.2,1.29E+12,109.44,96.06,107.12,1.5,"51,014,947.00","25,585,894.00","25,429,053.00",12.8,1.239,5580
2015-07-01,95.08,2.6,97.5,98.62,101.79,92.1,98.4,73.4,94.361,99.402,90.853,133,95.4,27536,3.6,63.6,1289200.9,645975.4,458250,1.48,1.597,2.45,2.001,7.919,3.25,1143.22,97.52,91.81,104.71,96.62,74.092,84.5,1.27E+12,109.45,95.46,107.02,1.5,"51,014,947.00","25,585,894.00","25,429,053.00",12.8,1.239,5617.693641
2015-08-01,95.213,2.5,96.89,98.21,101.37,90,98.9,75.4,89.004,94.417,91.381,132,97,27294,3.4,63,1302653.4,653105.9,464677.1,1.49,1.582,2.308,1.98,7.909,3.21,1179.1,88.66,85.79,104.99,88.24,74.381,84.8,1.21E+12,109.29,94.66,106.63,1.5,"51,014,947.00","25,585,894.00","25,429,053.00",12.8,1.239,5652.82822
2015-09-01,94.966,2.5,96.47,97.34,100.75,93.6,99.6,76.4,93.891,99.003,89.622,132,96.7,27355,3.2,63.1,1314440.9,665691.1,470243,1.48,1.553,2.216,1.946,7.872,3.16,1184.76,87.2,86.95,106.64,99.12,74.731,85.2,1.23E+12,109.12,94.26,106.34,1.5,"51,014,947.00","25,585,894.00","25,429,053.00",12.8,1.239,5692.605363
2015-10-01,94.966,2.5,95.81,96,97.63,95.5,100.1,75.3,98.778,104.487,89.358,131,97.1,27358,3.1,63.1,1333439.5,669737.7,477560.6,1.48,1.546,2.088,1.962,7.894,3.12,1148.18,92.97,93.49,106.59,102.22,74.984,85.6,1.28E+12,109.07,93.96,106.92,1.5,"51,014,947.00","25,585,894.00","25,429,053.00",12.8,1.239,5731.654243
2015-11-01,94.786,2.5,95.43,95.69,95.95,94.7,99.9,74.7,96.523,101.396,88.918,132,96.8,27298,3,62.9,1344168.1,677629.2,482916.4,1.49,1.631,2.254,2.118,8.064,3.09,1151.97,86.81,87.68,105.87,94.77,75.304,85.9,1.26E+12,108.84,93.45,106.82,1.5,"51,014,947.00","25,585,894.00","25,429,053.00",12.8,1.239,5772.232297
2015-12-01,95.07,2.5,95.21,95.51,94.92,104.1,99.9,74.1,98.778,104.586,87.599,134,93.7,26965,3.2,62.1,1346815.8,690772.4,490826.1,1.48,1.635,2.181,2.143,8.085,3.08,1172.24,90.21,92.68,105.73,99.59,75.441,86.1,1.24E+12,108.47,92.85,106.92,1.5,"51,014,947.00","25,585,894.00","25,429,053.00",12.8,1.239,5811.390557
2016-01-01,95.232,2.5,94.69,95.08,93.46,90.5,99.5,73.4,93.045,97.408,92.612,135,93.6,26631,3.7,61.3,1353670.7,699767.3,492905.1,1.49,1.587,2.025,2.091,8.033,3.08,1201.67,79.66,84.01,106.24,85.9,75.504,86.1,1.21E+12,108.65,97.37,107.21,1.5,"51,217,803.00","25,670,949.00","25,546,854.00",13.2,1.172,5851.39375
2016-02-01,95.64,2.5,94.69,94.69,94.93,87.1,99.5,74.6,85.244,91.127,93.404,132,92.5,26925,4.9,61.9,1357222.6,708014,494445.9,1.49,1.469,1.826,1.95,7.901,3.07,1217.35,74.6,81.27,108.73,88,75.558,86.1,1.21E+12,108.74,96.97,107.41,1.5,"51,217,803.00","25,670,949.00","25,546,854.00",13.2,1.172,5890.577563
2016-03-01,95.393,2.5,94.63,94.22,95.02,97.8,99.2,74.2,99.342,106.879,92.612,132,94.1,27133,4.2,62.4,1361310.2,713861.2,498294.2,1.49,1.507,1.854,1.979,7.952,3.07,1188.21,85.17,92.62,109.58,105.16,75.584,86.1,1.27E+12,109.21,97.57,107.99,1.5,"51,217,803.00","25,670,949.00","25,546,854.00",13.2,1.172,5927.382556
2016-04-01,95.573,2.5,94.87,94.17,93.28,94,99.2,73.5,93.703,100,91.293,132,96.8,27398,3.9,62.9,1372906.9,720818.5,503768.8,1.48,1.493,1.81,1.94,7.936,3.06,1147.51,82.98,88.23,107.63,96.97,75.615,86.1,1.26E+12,109.72,98.27,107.99,1.5,"51,217,803.00","25,670,949.00","25,546,854.00",13.2,1.172,5963.916573
2016-05-01,95.63,2.4,94.98,94.91,96.51,95.6,99.5,75.3,96.429,101.894,91.645,136,95.1,27617,3.6,63.4,1382525,722544.4,509365.1,1.49,1.48,1.787,1.91,7.94,3.05,1171.51,83.02,87.18,106.94,96.96,75.665,86.1,1.26E+12,110.17,98.67,107.7,1.5,"51,217,803.00","25,670,949.00","25,546,854.00",13.2,1.172,5997.491551
2016-06-01,95.611,2.4,95.21,95.28,97.25,99.5,99.7,74.7,98.402,103.091,89.358,136,94.8,27720,3.6,63.6,1387028,730637.8,515249.6,1.29,1.361,1.617,1.789,7.833,3.02,1170.5,84.97,88.17,105.96,99.53,75.734,86.1,1.25E+12,110.53,98.47,107.8,1.25,"51,217,803.00","25,670,949.00","25,546,854.00",13.2,1.172,6030
2016-07-01,95.431,2.4,95.1,94.91,94.55,94.9,99.9,73.8,96.241,100.199,91.205,134,95.9,27737,3.5,63.6,1398400.5,735172.2,521200.5,1.23,1.26,1.401,1.65,7.721,2.99,1144.09,84.62,87.17,105.18,97.47,75.832,86.2,1.28E+12,110.35,98.77,108.19,1.25,"51,217,803.00","25,670,949.00","25,546,854.00",13.2,1.172,6060.146564
2016-08-01,95.677,2.4,95.19,94.4,92.87,94,100.1,72.3,92.105,96.012,89.886,132,97.8,27690,3.6,63.4,1407014,738120.9,527287.5,1.23,1.265,1.417,1.645,7.725,2.96,1111.68,89.36,92.19,106.37,92.82,75.927,86.2,1.30E+12,110.45,98.87,107.99,1.25,"51,217,803.00","25,670,949.00","25,546,854.00",13.2,1.172,6086.826247
2016-09-01,96.247,2.5,95.41,94.63,93.03,94.8,99.9,72.6,92.763,97.507,88.039,135,97.8,27679,3.5,63.4,1414232,751408.5,530809,1.24,1.322,1.512,1.704,7.791,2.94,1107.49,86.84,88.99,106.95,96.64,76.031,86.3,1.30E+12,110.72,99.38,108.19,1.25,"51,217,803.00","25,670,949.00","25,546,854.00",13.2,1.172,6114.582119
2016-10-01,96.379,2.5,95.69,95.25,97.07,97.1,99.8,71.6,98.12,102.393,87.687,135,96.2,27666,3.3,63.3,1425102.2,753367.3,536140.4,1.23,1.369,1.596,1.781,7.87,2.93,1125.28,89.16,90.88,108.48,98.36,76.215,86.5,1.28E+12,110.86,100.08,108.77,1.25,"51,217,803.00","25,670,949.00","25,546,854.00",13.2,1.172,6141.531033
2016-11-01,96.237,2.5,96.12,96.69,99.43,99,100.1,74.9,102.35,106.78,87.951,138,96,27613,3.1,63.1,1435777.7,762639.7,542494,1.23,1.511,1.965,2.021,8.128,2.93,1161.64,94.66,94.3,106.44,101.2,76.407,86.7,1.28E+12,110.68,101.59,108.97,1.25,"51,217,803.00","25,670,949.00","25,546,854.00",13.2,1.172,6170.356725
2016-12-01,96.342,2.5,96.96,97.64,103.61,108,100.3,73.3,104.699,110.867,84.872,141,93.8,27211,3.2,62.2,1424149.2,776589.6,545839.6,1.23,1.576,2.159,2.162,8.281,2.93,1182.28,96.78,96.73,108.21,104.69,76.463,86.8,1.31E+12,110.72,103.19,109.26,1.25,"51,217,803.00","25,670,949.00","25,546,854.00",13.2,1.172,6200.048667
2017-01-01,97.366,2.8,98.37,99.51,105.91,92.7,100.7,76,94.737,97.707,87.511,148,96.1,26886,3.7,61.4,1429377.3,781441,545880.7,1.24,1.496,2.111,2.104,8.281,2.94,1185.1,96.35,93.21,105.38,90.04,76.481,86.8,1.34E+12,111.37,103.99,109.84,1.25,"51,361,911.00","25,736,793.00","25,625,118.00",13.8,1.052,6233.473463
2017-02-01,97.632,2.7,98.75,99.39,103.66,91.8,100.7,74,92.857,97.009,87.335,145,97.9,27321,4.9,62.4,1433627.6,776362.5,547746,1.23,1.465,2.163,2.13,8.331,2.96,1144.92,92.9,88.4,105.67,93.86,76.489,86.8,1.35E+12,111.72,104.6,109.84,1.25,"51,361,911.00","25,736,793.00","25,625,118.00",13.8,1.052,6270.588038
2017-03-01,97.565,2.6,98.71,99.39,101.44,102,100.9,75,104.323,109.571,87.071,142,100.4,27579,4.1,62.9,1435859.5,789187.8,550692.5,1.23,1.485,2.221,2.208,8.413,2.97,1134.77,109.29,102.98,104.71,105.01,76.509,86.8,1.40E+12,111.81,105,110.04,1.25,"51,361,911.00","25,736,793.00","25,625,118.00",13.8,1.052,6310.877055
2017-04-01,97.442,2.6,98.5,98.97,101.87,97.1,101,73.7,97.838,102.293,88.918,141,100,27911,4.2,63.6,1445219.3,791859.3,553204.1,1.23,1.467,2.182,2.195,8.411,2.97,1132.73,96.85,92.22,106.67,100.38,76.538,86.8,1.43E+12,112.14,104.5,110.14,1.25,"51,361,911.00","25,736,793.00","25,625,118.00",13.8,1.052,6357.91359
2017-05-01,97.546,2.5,98.23,98.75,100.43,98.1,101.1,73.7,98.496,102.094,91.557,137,100.9,27987,3.6,63.7,1450375.7,791074.8,556528.9,1.23,1.464,2.257,2.216,8.443,2.98,1125.28,100.71,95.35,105.65,97.11,76.578,86.9,1.52E+12,112.23,104.19,110.33,1.25,"51,361,911.00","25,736,793.00","25,625,118.00",13.8,1.052,6409.512221
2017-06-01,97.338,2.6,97.85,98.35,99.22,101.3,101.1,72.7,99.154,104.387,88.303,139,100.3,28081,3.8,63.9,1453379.5,798890.2,560141.5,1.24,1.461,2.165,2.208,8.444,2.98,1130.04,103.45,98.8,105.74,101.65,76.711,87.1,1.55E+12,112.34,103.99,110.62,1.25,"51,361,911.00","25,736,793.00","25,625,118.00",13.8,1.052,6470
2017-07-01,97.499,2.5,97.92,98.13,99.72,97.3,101,73.3,98.59,101.496,90.765,139,99.6,28037,3.4,63.8,1464168.8,804853.4,563446.4,1.24,1.464,2.252,2.278,8.52,2.99,1134.4,98.92,96.1,108.12,100.3,76.891,87.3,1.56E+12,112.26,104.09,111.21,1.25,"51,361,911.00","25,736,793.00","25,625,118.00",13.8,1.052,6538.361188
2017-08-01,98.058,2.6,98.37,98.46,101.28,96.3,101.1,73.5,95.207,98.804,91.117,138,100.7,27903,3.6,63.5,1472669.7,805103.3,566589.7,1.23,1.471,2.287,2.32,8.565,2.99,1130.79,103.91,100.76,108.59,102.88,77.074,87.5,1.54E+12,112.59,105.1,111.21,1.25,"51,361,911.00","25,736,793.00","25,625,118.00",13.8,1.052,6606.330972
2017-09-01,98.172,2.6,99.03,99.37,103.07,102.2,101.2,73.4,102.82,107.677,88.215,138,99.3,27943,3.3,63.5,1482459,810904.8,570079.2,1.25,1.481,2.286,2.333,8.576,3,1131.59,107.59,102.47,107.83,116.55,77.139,87.5,1.56E+12,113.19,106.2,110.92,1.25,"51,361,911.00","25,736,793.00","25,625,118.00",13.8,1.052,6687.573187
2017-10-01,98.077,2.6,99.14,99.81,103.65,94.9,101.2,74,93.797,96.61,91.557,137,102.4,27920,3.2,63.4,1494961.4,826892.1,572997.6,1.25,1.654,2.455,2.574,8.823,3.01,1131.57,98.01,91.78,106.94,95.06,77.226,87.6,1.64E+12,113.12,106.91,111.6,1.25,"51,361,911.00","25,736,793.00","25,625,118.00",13.8,1.052,6771.296318
2017-11-01,97.347,2.5,99.04,99.46,103.4,101,101.4,73.3,102.82,107.777,91.469,137,102.4,27889,3.1,63.3,1505855.2,817624.5,575798.6,1.26,1.787,2.54,2.709,8.959,3.02,1105.04,108.33,100.34,106.68,110.33,77.332,87.6,1.61E+12,113.12,107.41,111.99,1.5,"51,361,911.00","25,736,793.00","25,625,118.00",13.8,1.052,6862.129537
2017-12-01,97.698,2.5,99.09,99.62,102.68,107.7,101,70.9,100.94,104.287,92.436,138,102.3,27516,3.3,62.5,1504333.3,830003.7,578312.9,1.51,1.833,2.472,2.649,8.909,3.05,1085.78,112.36,101.72,104.45,102.72,77.411,87.7,1.61E+12,113.06,108.21,112.48,1.5,"51,361,911.00","25,736,793.00","25,625,118.00",13.8,1.052,6953.301006
2018-01-01,98.106,2.6,99.5,99.83,103.52,97.2,101,73.2,99.812,102.193,94.635,141,99.7,27232,3.7,61.8,1512963.2,830732.7,579043.6,1.5,1.839,2.626,2.722,8.985,3.08,1066.7,118.18,105.65,104.21,102.12,77.556,87.8,1.67E+12,113.67,108.51,112.77,1.5,"51,585,058.00","25,857,689.00","25,727,369.00",14.3,0.977,7049.936453
2018-02-01,98.855,2.6,99.92,100.88,103.99,91.3,101.1,73.9,87.782,90.828,94.459,139,101.2,27348,4.6,62,1518460.8,839555.3,580327,1.49,1.851,2.77,2.815,9.051,3.1,1079.58,106.99,93.55,101.98,89.6,77.723,88,1.61E+12,114.19,108.41,113.26,1.5,"51,585,058.00","25,857,689.00","25,727,369.00",14.3,0.977,7148.068597
2018-03-01,98.751,2.6,99.88,100.58,104.54,101.9,101,72.5,101.88,105.583,94.899,140,98.1,27811,4.5,63.1,1525815.4,840991,582392.9,1.49,1.875,2.708,2.831,9.051,3.13,1071.89,114.89,101.06,102.59,105.74,77.917,88.1,1.63E+12,114.45,108.21,113.65,1.5,"51,585,058.00","25,857,689.00","25,727,369.00",14.3,0.977,7243.538595
2018-04-01,98.931,2.6,100.01,100.61,105.69,99.7,100.9,74.8,100,101.595,95.866,139,100.1,28029,4.1,63.5,1534255.8,841002.2,583879.7,1.48,1.873,2.655,2.794,9.013,3.15,1067.76,112.88,99.27,103.1,102.81,78.049,88.1,1.68E+12,114.9,108.01,113.84,1.5,"51,585,058.00","25,857,689.00","25,727,369.00",14.3,0.977,7341.758743
2018-05-01,98.979,2.6,100.3,101.58,108.8,100.2,100.8,75.5,100.94,104.586,95.075,140,102.1,28184,4,63.9,1543469.7,839880.5,585506,1.5,1.887,2.757,2.86,9.073,3.17,1076.39,114.8,98.25,101.28,104.1,78.127,87.9,1.62E+12,115.38,108.51,113.65,1.5,"51,585,058.00","25,857,689.00","25,727,369.00",14.3,0.977,7435.480626
2018-06-01,98.779,2.6,100.33,102.32,110.17,102.6,100.8,74.5,101.222,103.988,95.339,140,100.2,28161,3.7,63.8,1546960.3,846240.2,587660.8,1.49,1.851,2.656,2.805,9.016,3.18,1092.8,115.7,97.28,99,101.78,78.203,87.8,1.55E+12,115.56,108.81,113.65,1.5,"51,585,058.00","25,857,689.00","25,727,369.00",14.3,0.977,7530
2018-07-01,98.59,2.6,100.8,103.24,111.66,100,100.7,74.2,101.88,102.193,96.746,141,95.9,28123,3.7,63.6,1556221.9,843752.8,589421.2,1.49,1.842,2.549,2.75,8.957,3.2,1122.8,114.84,96.82,99.33,101.86,78.293,87.7,1.54E+12,115.57,108.91,114.62,1.5,"51,585,058.00","25,857,689.00","25,727,369.00",14.3,0.977,7621.322695
2018-08-01,99.462,2.7,101.25,103.47,111.34,98.6,100.5,75,99.154,101.595,96.922,143,97,28039,4,63.4,1568274,837607.5,592145.6,1.5,1.83,2.458,2.656,8.846,3.21,1121.15,113.73,96.28,99.73,103.44,78.46,87.6,1.55E+12,115.63,109.41,114.13,1.5,"51,585,058.00","25,857,689.00","25,727,369.00",14.3,0.977,7700.8081
2018-09-01,100.221,2.5,101.54,103.64,113.2,97.8,100.2,73,96.147,100.1,93.843,148,99.5,28079,3.6,63.5,1577303.4,845523.7,594816.2,1.54,1.79,2.315,2.403,8.476,3.21,1120.6,105.71,89.77,100.32,101.62,79.232,87.9,1.57E+12,115.77,110.02,113.84,1.5,"51,585,058.00","25,857,689.00","25,727,369.00",14.3,0.977,7785.339243
2018-10-01,100.041,2.5,101.19,103.9,115.19,102.2,100.1,75.1,105.733,108.774,95.866,146,95.2,28063,3.5,63.4,1590110.4,840678.4,597077.5,1.52,1.853,2.338,2.452,8.515,3.22,1130.81,125.16,104.69,98.65,108.47,79.677,88,1.36E+12,115.97,110.52,113.74,1.5,"51,585,058.00","25,857,689.00","25,727,369.00",14.3,0.977,7863.523142
2018-11-01,99.33,2.4,100.49,103.46,109.52,101.3,99.9,73.2,103.102,105.783,98.417,146,94.1,28092,3.2,63.4,1602332.9,840084.9,601108.9,1.51,1.844,2.209,2.403,8.454,3.23,1128.58,120.35,99.93,95.88,99.8,79.799,87.9,1.40E+12,115.58,110.22,114.13,1.75,"51,585,058.00","25,857,689.00","25,727,369.00",14.3,0.977,7940.413993
2018-12-01,98.988,2.4,100,101.87,105.46,108.2,99.8,72.2,101.598,103.789,98.593,146,94.7,27582,3.4,62.2,1600280.5,846123.7,604487.7,1.77,1.776,1.992,2.304,8.373,3.25,1122.9,112.81,98.32,98.18,95.24,79.861,87.8,1.34E+12,115.22,109.21,114.72,1.75,"51,585,058.00","25,857,689.00","25,727,369.00",14.3,0.977,8010.899791
2019-01-01,98.884,2.3,99.89,101.15,105.29,98.3,99.9,72.9,99.342,102.293,98.241,145,91.9,27455,4.5,61.9,1607666.5,847765.3,605242.9,1.76,1.733,1.991,2.263,8.343,3.26,1122,116.44,104.45,99.14,97.03,79.877,87.5,1.46E+12,115.43,108.61,115.5,1.75,"51,764,822.00","25,948,706.00","25,816,116.00",14.9,0.918,8079.521523
2019-02-01,99.311,2.3,99.99,101.19,107.63,89.6,99.4,70,84.305,88.833,98.505,145,97.4,27649,4.7,62.3,1614141.4,855633.1,606385,1.76,1.76,1.988,2.249,8.329,3.27,1122.45,94.85,85.32,99.26,83.71,79.824,87.3,1.45E+12,115.92,108.51,115.59,1.75,"51,764,822.00","25,948,706.00","25,816,116.00",14.9,0.918,8143.69993
2019-03-01,99.121,2.3,100.34,101.96,109.44,101.4,99.3,71.4,99.812,104.985,95.954,144,96.5,28002,4.3,63.1,1617556.6,862572.7,608003.8,1.76,1.769,1.953,2.244,8.318,3.28,1130.72,107.1,94.76,97.39,96.93,79.74,87,1.42E+12,116.58,108.61,115.5,1.75,"51,764,822.00","25,948,706.00","25,816,116.00",14.9,0.918,8201.424463
2019-04-01,99.481,2.1,100.63,102.51,111.37,100.8,99.1,73.7,100.752,102.193,99.296,142,97.8,28284,4.4,63.6,1627414,866144.1,610359.1,1.75,1.751,1.889,2.207,8.28,3.27,1140.95,115.32,101.48,96.72,98.55,79.63,86.7,1.46E+12,117.19,109.01,115.69,1.75,"51,764,822.00","25,948,706.00","25,816,116.00",14.9,0.918,8256.385357
2019-05-01,99.652,2.2,100.74,103.57,113.74,102.1,99.4,73.1,102.068,103.589,100.264,145,94.2,28468,4,64,1637077.7,866643.4,612316.8,1.75,1.711,1.828,2.153,8.224,3.27,1183.29,111.48,97.3,95.16,94.43,79.577,86.4,1.36E+12,117.44,109.21,115.79,1.75,"51,764,822.00","25,948,706.00","25,816,116.00",14.9,0.918,8304.885445
2019-06-01,99.491,2.1,100.46,103.01,109.52,102,99.5,72.9,99.342,101.496,97.801,143,94.8,28545,4,64.2,1643100.4,873802.8,614818.2,1.76,1.56,1.618,2.004,8.097,3.25,1175.62,103.26,90.9,94.39,89.89,79.508,86.2,1.42E+12,117.47,108.81,115.3,1.75,"51,764,822.00","25,948,706.00","25,816,116.00",14.9,0.918,8350
2019-07-01,99.187,2.1,100.46,102.39,110.39,101.4,99.5,75.4,103.947,103.689,103.342,141,92,28480,3.9,64,1648646.7,875495.7,618163.6,1.63,1.478,1.506,1.885,7.989,3.22,1175.31,111.8,101.28,96.49,98.37,79.502,86,1.35E+12,117.66,108.61,115.79,1.5,"51,764,822.00","25,948,706.00","25,816,116.00",14.9,0.918,8389.959814
2019-08-01,99.425,2,100.69,103.26,111.17,99.2,99.6,73.7,97.086,100.299,101.055,140,91.2,28216,3,63.3,1659345.1,877062.9,622183.7,1.51,1.186,1.254,1.689,7.791,3.18,1208.98,108.39,97.83,95.13,92.83,79.546,85.8,1.31E+12,117.66,108.51,115.3,1.5,"51,764,822.00","25,948,706.00","25,816,116.00",14.9,0.918,8421.859169
2019-09-01,99.794,1.8,100.75,102.81,110.89,99,99.8,75.1,98.214,100.499,99.56,134,94.2,28288,3.1,63.5,1669791.4,887411.7,625423.3,1.52,1.228,1.42,1.792,7.894,3.14,1197.55,99.69,91.23,96.33,95.41,79.589,85.8,1.38E+12,117.75,108.71,115.4,1.5,"51,764,822.00","25,948,706.00","25,816,116.00",14.9,0.918,8452.882051
2019-10-01,100.041,1.7,100.51,102.39,108.3,102.9,99.8,74.3,105.357,106.381,99.912,132,93.1,28373,3,63.6,1687139,885065.7,629655.5,1.36,1.298,1.577,1.861,7.97,3.1,1184.13,107.22,97.99,95.36,99.93,79.664,85.9,1.40E+12,118.02,108.71,115.98,1.25,"51,764,822.00","25,948,706.00","25,816,116.00",14.9,0.918,8478.952311
2019-11-01,99.481,1.7,100.37,101.83,107.27,103.4,99.7,72.6,104.793,104.487,100,133,94.5,28380,3.1,63.6,1700073,898607.6,633098,1.28,1.386,1.75,2.002,8.112,3.06,1167.45,103.93,95.71,95.5,96.88,79.776,86.1,1.40E+12,117.96,108.71,115.4,1.25,"51,764,822.00","25,948,706.00","25,816,116.00",14.9,0.918,8502.176191
2019-12-01,99.719,1.7,100.65,102.17,108.99,112.9,100.1,74.7,108.177,108.873,96.042,135,95,28095,3.4,62.9,1698612.9,927098.5,633745.4,1.28,1.35,1.653,1.948,8.059,3.03,1175.84,111.7,102.97,95.5,99.77,80.054,86.5,1.48E+12,117.85,108.61,115.11,1.25,"51,764,822.00","25,948,706.00","25,816,116.00",14.9,0.918,8521.407848
2020-01-01,100.09,1.8,101.02,102.44,108.1,98.2,100.3,73.2,94.9,95,102.4,139,97.6,27952,4.1,62.6,1708763.3,945103.8,634283,1.27,1.316,1.656,1.955,8.068,3.01,1164.28,109.72,100.21,94.18,89.3,80.337,86.9,1.43E+12,118.31,108.61,113.74,1.25,"51,836,239.00","25,925,697.00","25,910,542.00",15.7,0.837,8538.297618
2020-02-01,100.16,1.7,100.69,102.78,106.55,94.3,99.7,69.7,92.5,93.3,102.1,137,89.7,27991,4.1,62.6,1717155.8,957889.6,635282.9,1.24,1.214,1.54,1.847,7.971,3,1193.79,94.8,86.52,93.36,87.75,80.634,87.2,1.34E+12,118.63,108.11,114.33,1.25,"51,836,239.00","25,925,697.00","25,910,542.00",15.7,0.837,8552.529805
2020-03-01,99.94,1.7,99.8,101.68,100.85,102,98.5,73.1,105.8,108.4,99.2,134,68.5,27789,4.2,62.2,1746398.9,988826.3,639598.1,0.98,1.03,1.485,1.84,8.005,2.97,1220.09,107.93,102.34,94.42,103.33,81.084,87.9,1.18E+12,118.37,107.01,114.72,0.75,"51,836,239.00","25,925,697.00","25,910,542.00",15.7,0.837,8564.128862
2020-04-01,99.5,1.7,98.93,99.41,95.15,95.3,97.4,69.7,95.4,94.7,101.5,132,61.4,27734,4.2,62,1779351.1,1012290.1,644393,0.74,0.893,1.504,2.145,8.367,2.94,1225.23,97.43,99.92,99.56,88.05,81.27,88.3,1.31E+12,117.58,105.6,115.4,0.75,"51,836,239.00","25,925,697.00","25,910,542.00",15.7,0.837,8574.236284
2020-05-01,99.44,1.6,98.96,98.25,98.97,95.8,96.4,63.6,91.5,90.3,102.7,131,63.6,28209,4.5,63,1799569,1034074.1,646587.4,0.7,0.779,1.394,2.179,8.44,2.91,1228.67,88.84,96.88,104.66,88.45,81.382,88.4,1.36E+12,117.58,105.2,115.5,0.5,"51,836,239.00","25,925,697.00","25,910,542.00",15.7,0.837,8582.552451
2020-06-01,99.71,1.6,99.47,98.96,101.41,102.3,96.5,68.5,98.7,99.6,100.3,132,68.2,28283,4.3,63.2,1805731.6,1060079.8,648637.7,0.48,0.719,1.392,2.218,8.515,2.88,1210.01,91.86,97.13,103.2,96.89,81.776,88.9,1.42E+12,118.23,105.6,115.69,0.5,"51,836,239.00","25,925,697.00","25,910,542.00",15.7,0.837,8590
2020-07-01,99.63,1.7,99.69,99.55,100.57,99,96.7,69.8,100.5,99.3,103.2,135,76.7,28244,4,63.1,1819923.2,1076665.6,650528.7,0.48,0.689,1.36,2.219,8.544,2.84,1198.9,99.82,102.42,101.02,102.01,82.495,89.7,1.53E+12,118.82,106,116.47,0.5,"51,836,239.00","25,925,697.00","25,910,542.00",15.7,0.837,8596.656468
2020-08-01,100.19,1.8,100.18,99.81,99.49,95.3,97.1,70.4,94.2,93.1,103.9,139,82.9,27949,3.1,62.4,1837915.6,1087250.7,655593.2,0.51,0.671,1.373,2.192,8.542,2.79,1186.85,91.39,93.48,101.53,95.43,83.137,90.3,1.58E+12,119.2,106.3,116.28,0.5,"51,836,239.00","25,925,697.00","25,910,542.00",15.7,0.837,8602.499222
2020-09-01,100.74,1.9,100.38,99.9,98.37,101.7,97.5,73.7,106.2,107.3,97.7,139,77.4,28012,3.6,62.5,1852162.6,1110397.1,661496.1,0.48,0.705,1.5,2.239,8.59,2.75,1178.8,99.8,101.68,101.79,114.44,83.798,90.8,1.58E+12,119.36,106.4,116.37,0.5,"51,836,239.00","25,925,697.00","25,910,542.00",15.7,0.837,8608.688248
2020-10-01,100.18,1.8,99.98,98.96,96.2,99.5,97.9,73.6,102.5,102.8,96.9,139,88.6,28116,3.7,62.7,1873103.1,1130987.6,667676.2,0.5,0.68,1.507,2.239,8.598,2.72,1144.68,100.16,102.28,102.67,107.79,84.359,91.2,1.55E+12,119.41,106.4,117.84,0.5,"51,836,239.00","25,925,697.00","25,910,542.00",15.7,0.837,8614.966412
2020-11-01,100.09,1.8,100.06,98.75,96.19,102.7,98.4,73.4,105.9,105.6,95.6,138,91.7,28208,3.4,62.8,1893044.7,1139632.4,673694.6,0.5,0.7,1.61,2.247,8.636,2.69,1116.76,103.35,104.46,103.05,110.42,85.568,91.9,1.78E+12,119.34,107.01,118.81,0.5,"51,836,239.00","25,925,697.00","25,910,542.00",15.7,0.837,8622.116205
2020-12-01,100.33,1.8,100.84,99.49,98.16,113.9,98.5,74.3,111.9,110.6,94.5,139,85.5,27661,4.1,61.6,1893716.2,1164720.1,679641.6,0.51,0.719,1.675,2.211,8.619,2.67,1095.13,114.91,113.25,102.71,116.94,86.735,93.1,1.98E+12,119.45,108.21,119.88,0.5,"51,836,239.00","25,925,697.00","25,910,542.00",15.7,0.837,8630.024726
2021-01-01,101.04,1.8,101.96,101.23,101.79,98,98.2,72.5,104.5,103.3,97.4,142,92.6,27388,5.7,60.9,1911098.6,1183360.4,683967.6,0.49,0.695,1.731,2.143,8.543,2.66,1097.49,114.99,108.85,100.69,103.05,87.767,94.1,2.05E+12,119.96,102.69,121.15,0.5,"51,769,539.00","25,870,941.00","25,898,598.00",16.6,0.808,8639.583155
2021-02-01,101.58,2,102.8,102.85,106.28,94.5,98.3,75.7,96,94.7,98.5,144,96.5,27718,4.9,61.6,1926681.1,1206555.6,691012.6,0.49,0.671,1.845,2.055,8.439,2.66,1111.72,109.67,100.48,99.42,96.99,88.962,95.4,2.08E+12,120.62,103.49,122.32,0.5,"51,769,539.00","25,870,941.00","25,898,598.00",16.6,0.808,8650.920513
2021-03-01,101.84,2.1,103.89,104.89,109.97,108.3,98.7,74.3,112.1,111.8,95.6,146,101.4,28138,4.3,62.5,1937175.1,1231321.1,696280,0.49,0.684,2.04,2.091,8.459,2.65,1131.02,128.65,113.76,97.77,110.62,90.135,96.4,2.13E+12,121.47,105.1,123.39,0.5,"51,769,539.00","25,870,941.00","25,898,598.00",16.6,0.808,8663.93813
2021-04-01,101.98,2.1,104.88,105.97,109.72,103.7,99.5,73.3,106.8,105.4,96.2,145,105.6,28361,4,63,1960962,1257170.1,697883.7,0.48,0.659,2.041,1.983,8.351,2.65,1119.4,130.93,113.08,98.96,105.24,91.091,97.4,2.20E+12,122.47,106.1,124.58,0.5,"51,769,539.00","25,870,941.00","25,898,598.00",16.6,0.808,8679.867794
2021-05-01,102.05,2.2,105.45,106.6,112.98,103.1,99.5,72.6,104.5,102.8,96.1,146,105.5,28698,4,63.7,1963575.1,1264219.8,699668.6,0.48,0.611,2.131,1.891,8.259,2.64,1123.28,123.88,106.57,100.19,103.98,91.964,98.3,2.24E+12,123.45,107.81,125.49,0.5,"51,769,539.00","25,870,941.00","25,898,598.00",16.6,0.808,8698.030161
2021-06-01,102.05,2.3,106.01,107.63,116.05,109.8,99.5,73.5,110.7,108.1,93.5,147,109.6,28730,3.8,63.7,1971439.5,1285488.7,702662.5,0.51,0.798,2.103,1.913,8.29,2.64,1121.3,128.88,107.9,99.33,107.83,93.169,100,2.31E+12,124.6,108.11,125.84,0.5,"51,769,539.00","25,870,941.00","25,898,598.00",16.6,0.808,8720
2021-07-01,102.26,2.3,107.04,109.73,120.23,104.1,99.5,74.5,110.6,105.2,98.9,147,104.2,28568,3.2,63.4,1992402,1296969,709178.1,0.53,0.91,1.976,1.888,8.245,2.64,1143.98,137.89,111.79,97.77,105.95,94.256,101.2,2.25E+12,125.2,108.71,126.8,0.5,"51,769,539.00","25,870,941.00","25,898,598.00",16.6,0.808,8745.476529
2021-08-01,102.75,2.4,107.6,110.87,121.79,101.4,99.5,74.9,105.2,98.6,103.5,149,105.4,28346,2.6,62.8,2005346.5,1304432.6,715545.4,0.56,1.001,1.905,1.838,8.17,2.65,1160.34,132.72,106.13,96.5,100.77,95.666,102.6,2.31E+12,125.46,109.52,127.77,0.75,"51,769,539.00","25,870,941.00","25,898,598.00",16.6,0.808,8771.326142
2021-09-01,103.17,2.4,108,111.35,124.58,104.5,99.4,74.2,106.3,102,101.7,149,104.9,28439,2.7,63,2020839.2,1328615.1,721956.2,0.77,1.073,2.061,1.953,8.197,2.66,1169.54,133.6,107.04,97.24,106.7,97.123,103.8,2.23E+12,125.8,110.72,128.02,0.75,"51,769,539.00","25,870,941.00","25,898,598.00",16.6,0.808,8802.781639
2021-10-01,103.35,2.4,109.12,113.09,131.11,105.3,99.6,74.6,109.3,103.6,104.4,149,106.2,28528,2.8,63.2,2037461.7,1334024.4,727403.7,0.75,1.178,2.399,2.302,8.376,2.69,1182.82,139.29,109.31,96.1,103.82,98.14,105,2.16E+12,126.84,113.53,129.7,0.75,"51,769,539.00","25,870,941.00","25,898,598.00",16.6,0.808,8835.757114
2021-11-01,103.87,2.7,109.9,114.66,129.82,109.2,99.9,75.5,113.7,109.2,105.1,152,107,28528,2.6,63.1,2050751,1340634.6,731633.9,0.8,1.339,2.355,2.492,8.374,2.73,1182.91,147.64,111.84,92.75,105.02,99.224,105.9,2.10E+12,127.47,113.53,131.16,1,"51,769,539.00","25,870,941.00","25,898,598.00",16.6,0.808,8872.127102
2021-12-01,104.04,2.6,109.88,114.62,127.23,123.6,100.6,79.4,122.3,115.6,106.1,151,105,28278,3.5,62.6,2050701.6,1346579.7,734478.6,1.024,1.32,2.187,2.41,8.263,2.77,1183.7,158.09,119.93,92.05,109.81,99.72,106.2,2.20E+12,127.86,112.23,133.72,1,"51,769,539.00","25,870,941.00","25,898,598.00",16.6,0.808,8909.235177
2022-01-01,104.85,2.6,111.04,115.18,132.86,104.8,101.1,79.4,110.8,105.3,106.4,152,106,28096,4.1,62.2,2062119.2,1352771.6,736612.2,1.181,1.422,2.492,2.632,8.506,2.82,1194.01,155.81,121.03,93.69,103.82,100,106.3,2.09E+12,128.93,112.02,129.7,1.25,"51,672,569.00","25,818,686.00","25,853,883.00",17.4,0.778,8949.231383
2022-02-01,105.42,2.7,111.57,116.56,138.93,99.3,101.3,77.6,103,98.2,107.6,152,106.3,28356,3.4,62.7,2066672.9,1346701.7,737710.4,1.211,1.48,2.69,2.873,8.724,2.88,1198.34,138.78,104.26,91.98,95.72,100.207,106.3,2.12E+12,130.11,112.63,131.17,1.25,"51,672,569.00","25,818,686.00","25,853,883.00",17.4,0.778,8990.576716
2022-03-01,106.1,2.9,113.27,119.46,149.45,113.1,100.9,77.9,118.2,112.4,104,154,103.9,28627,3,63.3,2074329.4,1370237.5,738759.9,1.25,1.586,2.784,3.028,8.858,2.93,1221.03,165.76,119.88,91.76,110.04,100.306,106.2,2.16E+12,131.85,113.83,133.86,1.25,"51,672,569.00","25,818,686.00","25,853,883.00",17.4,0.778,9031.559494
2022-04-01,106.83,3.1,115.1,122.65,148.6,109.9,100.6,76.3,112.5,105.6,105.8,155,106.3,28942,3,64,2087389.2,1377050.8,741116.5,1.297,2.002,3.219,3.631,9.471,2.98,1232.34,155.99,107.22,88.44,95.57,100.517,106.2,2.12E+12,132.59,114.49,134.68,1.5,"51,672,569.00","25,818,686.00","25,853,883.00",17.4,0.778,9074.588074
2022-05-01,107.5,3.3,115.92,123.9,154.23,111.4,100.6,75,113.7,108.4,105.9,157,107.2,29374,3,64.9,2102225,1374671.3,741250.8,1.504,2.049,3.295,3.775,9.618,3.03,1269.88,163.51,113.51,89.98,100.78,100.768,106.1,2.11E+12,134.05,114.6,135.89,1.75,"51,672,569.00","25,818,686.00","25,853,883.00",17.4,0.778,9116.576444
2022-06-01,108.21,3.9,116.57,124.93,155.09,114.7,100.7,76.3,113.8,105,109.8,163,103.1,29366,3,64.9,2110428.8,1386071.5,743743.8,1.751,2.599,3.64,4.233,10.08,3.1,1277.35,155.23,106.61,89.42,94.74,100.869,106,1.84E+12,135.89,114.6,137.25,1.75,"51,672,569.00","25,818,686.00","25,853,883.00",17.4,0.778,9160
2022-07-01,108.73,4.7,116.9,125.81,151,109.6,100.9,75.2,111.2,104.2,114.4,166,98.2,29311,2.9,64.8,2121837.3,1366219.8,745017.4,1.953,2.958,3.3,4.126,9.976,3.17,1307.4,168.97,116.43,86.82,96.93,100.869,105.8,1.93E+12,135.87,113.12,136.73,2.25,"51,672,569.00","25,818,686.00","25,853,883.00",17.4,0.778,9203.167711
2022-08-01,108.63,4.3,116.45,124.41,149.68,107.8,101.3,73.2,104.5,101.5,112.6,158,99.5,29025,2.1,64.1,2130684.5,1336447,746966.4,2.262,2.987,3.322,4.227,10.078,3.27,1318.44,170.77,122.76,88.12,97.15,100.728,105.3,1.95E+12,135.82,111.76,136.42,2.5,"51,672,569.00","25,818,686.00","25,853,883.00",17.4,0.778,9241.814667
2022-09-01,108.82,4.2,116.53,125.56,154.7,109.2,101.2,72.6,104.6,104.5,108,157,98.3,29093,2.4,64.2,2140254.9,1322918.4,748963.9,2.535,3.287,3.897,4.9,10.756,3.38,1391.59,157.88,115.62,87.6,99.95,100.568,104.5,1.70E+12,136.12,111.65,136.52,2.5,"51,672,569.00","25,818,686.00","25,853,883.00",17.4,0.778,9284.12115
2022-10-01,109.16,4.3,117.13,125.97,156.5,109.4,101.1,70.6,105.8,104.9,109.1,157,95.4,29110,2.4,64.3,2158295.5,1287865.7,751143.4,2.917,3.602,4.267,5.436,11.288,3.52,1426.66,153.04,115.18,88.89,93.05,100.014,103.2,1.81E+12,136.67,111.87,137.17,3,"51,672,569.00","25,818,686.00","25,853,883.00",17.4,0.778,9324.481291
2022-11-01,109.07,4.2,116.75,123.98,147.92,112,100.6,70.5,107.5,104.1,113.3,156,91.6,29087,2.3,64.2,2173145.2,1249905.7,752309,3.166,3.838,3.915,5.487,11.331,3.66,1364.1,152.49,116.05,88.09,93.45,98.909,101.1,1.95E+12,136.53,111.98,137.22,3.25,"51,672,569.00","25,818,686.00","25,853,883.00",17.4,0.778,9365.478802
2022-12-01,109.26,3.8,116.27,121.86,138.28,126,100.1,68.8,109.2,109.9,110.4,151,91.9,28674,3,63.3,2165861.1,1225205.6,754831.1,3.333,3.705,3.541,5.302,11.173,3.83,1296.22,154.27,118.62,87.46,97.73,97.894,98.2,1.77E+12,136.11,111.42,136.24,3.25,"51,672,569.00","25,818,686.00","25,853,883.00",17.4,0.778,9404.366297
2023-01-01,110.07,3.9,116.69,120.69,135.29,103.1,99.7,71,96.9,96.9,118,151,90.4,28387,3.6,62.6,2168698.3,1199524.3,754332.7,3.298,3.584,3.411,4.704,10.788,3.96,1247.25,152.78,119.72,88.72,85.72,96.612,96.1,1.92E+12,137.2,111.6665,137.15,3.5,"51,712,619.00","25,859,888.00","25,852,731.00",18.2,0.72,9443.629311
2023-02-01,110.33,4,116.91,121.51,137.95,103.4,99.9,68.9,96.4,98,117.6,153,91.5,28604,3.1,63.1,2170233,1179712.1,753305.4,3.438,3.528,3.45,4.274,10.631,4.05,1270.74,142.82,111.23,87.73,92.09,95.848,94.5,1.91E+12,137.96,111.7411,137.38,3.5,"51,712,619.00","25,859,888.00","25,852,731.00",18.2,0.72,9481.847785
2023-03-01,110.52,3.9,117.05,122.52,139,115.6,100.2,71.8,111.2,112.2,114,151,91.7,29063,2.9,64.1,2171145.4,1191877.3,750175.6,3.386,3.452,3.448,4.184,10.595,4.12,1305.73,154.62,119.66,87.05,101.58,95.054,93.5,1.96E+12,138.42,111.765,137.42,3.5,"51,712,619.00","25,859,888.00","25,852,731.00",18.2,0.72,9517.735351
2023-04-01,110.77,3.7,116.96,122.26,139.58,108.6,100.4,71.1,103,99.8,121.8,148,94.2,29236,2.8,64.4,2177578.1,1193633.4,747879.5,3.451,3.254,3.319,4.072,10.458,4.16,1320.01,134.1,105.6,87.96,91.72,94.316,92.9,1.98E+12,139.12,111.5661,137.72,3.5,"51,712,619.00","25,859,888.00","25,852,731.00",18.2,0.72,9553.577551
2023-05-01,111.13,3.5,116.53,122.03,135.35,110.8,100.4,73.2,107.5,105.3,122.6,146,94.6,29623,2.7,65.3,2187357.9,1185248.8,749816.8,3.583,3.416,3.402,4.139,10.524,4.19,1328.21,139.43,110.04,87.27,97.71,93.766,92.7,2.04E+12,139.47,111.4611,137.32,3.5,"51,712,619.00","25,859,888.00","25,852,731.00",18.2,0.72,9586.959599
2023-06-01,111.16,3.5,116.27,120.36,130.16,115.8,100.3,71.7,108.7,110,112.6,146,96.1,29618,2.7,65.3,2197685.5,1191342.6,753906.8,3.564,3.511,3.611,4.356,10.744,4.21,1296.71,136.5,111.17,89.22,102.02,93.536,92.7,2.04E+12,139.92,111.4391,137.37,3.5,"51,712,619.00","25,859,888.00","25,852,731.00",18.2,0.72,9620
2023-07-01,111.29,3.3,116.53,119.91,130.43,108.8,100,70,103.7,99.4,119,144,94.5,29493,2.7,65,2210386.9,1199528.2,757335.5,3.51,3.57,3.681,4.437,10.829,4.21,1286.3,125.63,104.11,90.85,98.44,93.36,92.7,2.09E+12,140.19,111.1742,137.86,3.5,"51,712,619.00","25,859,888.00","25,852,731.00",18.2,0.72,9651.453462
2023-08-01,112.28,3.3,117.5,121.49,135.83,109.7,99.8,73.3,105.9,100.5,122.9,147,94.4,29251,2,64.4,2222860.5,1187433,760850.7,3.539,3.496,3.86,4.5,10.91,4.22,1318.47,130.89,107.79,91.48,100.99,93.308,93,2.03E+12,140.8,111.4391,138.64,3.5,"51,712,619.00","25,859,888.00","25,852,731.00",18.2,0.72,9678.40762
2023-09-01,112.85,3.3,118.03,122.49,139.83,112.5,99.6,73.6,109.6,108.1,115,147,93.1,29359,2.3,64.6,2238147.8,1190316.9,764776,3.595,3.61,3.949,4.602,11.022,4.24,1329.47,131.46,106.78,91.11,105.4,93.365,93.3,1.96E+12,141.15,111.455,138.1999,3.5,"51,712,619.00","25,859,888.00","25,852,731.00",18.2,0.72,9706.537158
2023-10-01,113.27,3.4,117.86,123.29,141.07,111,99.8,72.6,107.9,103.2,116.1,151,92.1,29390,2.1,64.7,2253613.6,1195109.2,768630.9,3.518,3.741,4.272,4.827,11.222,4.27,1350.69,136.93,109.21,89.48,100.72,93.424,93.5,1.82E+12,141.1,111.6805,137.8554,3.5,"51,712,619.00","25,859,888.00","25,852,731.00",18.2,0.72,9731.945652
2023-11-01,112.68,3.4,117.41,121.98,135.04,114.5,99.7,73,114.1,109.1,115.3,149,91.5,29375,2.3,64.6,2266755.9,1188286,773698,3.569,3.722,3.89,4.583,10.978,4.3,1310.39,133.42,106.86,88.92,105.33,93.424,93.6,2.03E+12,140.81,111.6736,138.2554,3.5,"51,712,619.00","25,859,888.00","25,852,731.00",18.2,0.72,9756.220041
2023-12-01,112.73,3.2,117.56,121.75,132.89,126.5,99.6,72,116.1,114.3,108.1,146,91.4,29037,3.3,63.8,2266468.8,1211414.3,777710.2,3.635,3.516,3.415,4.076,10.529,4.32,1303.98,136.1,109.99,89.03,106,93.349,93.4,2.13E+12,140.67,111.412,137.6618,3.5,"51,712,619.00","25,859,888.00","25,852,731.00",18.2,0.72,9777.691847
2024-01-01,113.17,3,118.19,122.43,136.27,110.5,99.7,72.1,109.4,105.4,111.6,143,91.5,28815,3.7,63.3,2275754.9,1204441.4,782854.4,3.472,3.384,3.353,4.013,10.453,4.32,1323.57,140.62,114.64,90.95,103.36,93.24,93.2,2.03E+12,141.44,111.1772,138.1988,3.5,"51,751,065.00","25,876,776.00","25,874,289.00",19.2,0.72,9797.685561
2024-02-01,113.78,3,118.55,122.98,137.63,105.3,99.9,74.6,100.8,97.1,114.1,144,93.3,28957,3.2,63.6,2286010.8,1208167.1,786666.7,3.585,3.434,3.429,4.053,10.44,4.31,1331.74,123.51,100.32,91.34,99.69,93.167,93,2.15E+12,142.32,111.1536,137.6002,3.5,"51,751,065.00","25,876,776.00","25,874,289.00",19.2,0.72,9815.340776
2024-03-01,113.95,3.2,118.82,123.25,138.31,115.7,99.6,71.4,112.3,108.7,110,146,92.2,29288,3,64.3,2295440.4,1242708.5,785987.6,3.464,3.374,3.39,3.944,10.21,4.3,1330.69,134.17,108.7,91.8,107.56,93.068,92.9,2.24E+12,143.24,111.3406,137.4714,3.5,"51,751,065.00","25,876,776.00","25,874,289.00",19.2,0.72,9830.096393
2024-04-01,114.01,3.1,119.16,124.47,143.57,112.2,99.4,73.5,109.4,103.4,112.2,145,94.5,29578,3,65,2312960.6,1241048.6,790418.3,3.52,3.44,3.567,3.974,10.189,4.29,1367.83,140.71,113.11,92.66,105.91,93.038,92.8,2.19E+12,143.79,111.1365,137.5515,3.5,"51,751,065.00","25,876,776.00","25,874,289.00",19.2,0.68,9842.829157
2024-05-01,114.1,3.2,119.25,124.71,141.58,113.2,98.8,72.8,111.3,105.4,112.3,147,93.8,29799,3,65.4,1226961.574,538026.191,436124.074,3.53,3.434,3.527,3.876,10.054,4.27,1365.39,137.15,109.4,91.57,108.94,92.961,92.8,2.15E+12,144.03,102.9867,108.4183,3.5,"51,751,065.00","25,876,776.00","25,874,289.00",19.2,0.69,9852.615212
,,,,,,,,,,,,,,,,,,,,,,,,,,,,,,,,,,,,,,,,,,,
,,,,,,,,,,,,,,,,,,,,,,,,,,,,,,,,,,,,,,,,,,,
,,,,,,,,,,,,,,,,,,,,,,,,,,,,,,,,,,,,,,,,,,,
,,,,,,,,,,,,,,,,,,,,,,,,,,,,,,,,,,,,,,,,,,,
,,,,,,,,,,,,,,,,,,,,,,,,,,,,,,,,,,,,,,,,,,,
,,,,,,,,,,,,,,,,,,,,,,,,,,,,,,,,,,,,,,,,,,,
,,,,,,,,,,,,,,,,,,,,,,,,,,,,,,,,,,,,,,,,,,,
,,,,,,,,,,,,,,,,,,,,,,,,,,,,,,,,,,,,,,,,,,,
,,,,,,,,,,,,,,,,,,,,,,,,,,,,,,,,,,,,,,,,,,,
,,,,,,,,,,,,,,,,,,,,,,,,,,,,,,,,,,,,,,,,,,,
,,,,,,,,,,,,,,,,,,,,,,,,,,,,,,,,,,,,,,,,,,,
,,,,,,,,,,,,,,,,,,,,,,,,,,,,,,,,,,,,,,,,,,,
,,,,,,,,,,,,,,,,,,,,,,,,,,,,,,,,,,,,,,,,,,,
,,,,,,,,,,,,,,,,,,,,,,,,,,,,,,,,,,,,,,,,,,,
,,,,,,,,,,,,,,,,,,,,,,,,,,,,,,,,,,,,,,,,,,,
,,,,,,,,,,,,,,,,,,,,,,,,,,,,,,,,,,,,,,,,,,,
,,,,,,,,,,,,,,,,,,,,,,,,,,,,,,,,,,,,,,,,,,,
,,,,,,,,,,,,,,,,,,,,,,,,,,,,,,,,,,,,,,,,,,,
,,,,,,,,,,,,,,,,,,,,,,,,,,,,,,,,,,,,,,,,,,,
,,,,,,,,,,,,,,,,,,,,,,,,,,,,,,,,,,,,,,,,,,,
,,,,,,,,,,,,,,,,,,,,,,,,,,,,,,,,,,,,,,,,,,,
,,,,,,,,,,,,,,,,,,,,,,,,,,,,,,,,,,,,,,,,,,,
,,,,,,,,,,,,,,,,,,,,,,,,,,,,,,,,,,,,,,,,,,,
,,,,,,,,,,,,,,,,,,,,,,,,,,,,,,,,,,,,,,,,,,,
,,,,,,,,,,,,,,,,,,,,,,,,,,,,,,,,,,,,,,,,,,,
,,,,,,,,,,,,,,,,,,,,,,,,,,,,,,,,,,,,,,,,,,,
,,,,,,,,,,,,,,,,,,,,,,,,,,,,,,,,,,,,,,,,,,,
,,,,,,,,,,,,,,,,,,,,,,,,,,,,,,,,,,,,,,,,,,,
,,,,,,,,,,,,,,,,,,,,,,,,,,,,,,,,,,,,,,,,,,,
,,,,,,,,,,,,,,,,,,,,,,,,,,,,,,,,,,,,,,,,,,,
,,,,,,,,,,,,,,,,,,,,,,,,,,,,,,,,,,,,,,,,,,,
,,,,,,,,,,,,,,,,,,,,,,,,,,,,,,,,,,,,,,,,,,,
,,,,,,,,,,,,,,,,,,,,,,,,,,,,,,,,,,,,,,,,,,,
,,,,,,,,,,,,,,,,,,,,,,,,,,,,,,,,,,,,,,,,,,,
,,,,,,,,,,,,,,,,,,,,,,,,,,,,,,,,,,,,,,,,,,,
,,,,,,,,,,,,,,,,,,,,,,,,,,,,,,,,,,,,,,,,,,,
,,,,,,,,,,,,,,,,,,,,,,,,,,,,,,,,,,,,,,,,,,,
,,,,,,,,,,,,,,,,,,,,,,,,,,,,,,,,,,,,,,,,,,,
,,,,,,,,,,,,,,,,,,,,,,,,,,,,,,,,,,,,,,,,,,,
,,,,,,,,,,,,,,,,,,,,,,,,,,,,,,,,,,,,,,,,,,,
,,,,,,,,,,,,,,,,,,,,,,,,,,,,,,,,,,,,,,,,,,,
,,,,,,,,,,,,,,,,,,,,,,,,,,,,,,,,,,,,,,,,,,,
,,,,,,,,,,,,,,,,,,,,,,,,,,,,,,,,,,,,,,,,,,,
,,,,,,,,,,,,,,,,,,,,,,,,,,,,,,,,,,,,,,,,,,,
,,,,,,,,,,,,,,,,,,,,,,,,,,,,,,,,,,,,,,,,,,,
,,,,,,,,,,,,,,,,,,,,,,,,,,,,,,,,,,,,,,,,,,,
,,,,,,,,,,,,,,,,,,,,,,,,,,,,,,,,,,,,,,,,,,,
,,,,,,,,,,,,,,,,,,,,,,,,,,,,,,,,,,,,,,,,,,,
,,,,,,,,,,,,,,,,,,,,,,,,,,,,,,,,,,,,,,,,,,,
,,,,,,,,,,,,,,,,,,,,,,,,,,,,,,,,,,,,,,,,,,,
,,,,,,,,,,,,,,,,,,,,,,,,,,,,,,,,,,,,,,,,,,,
,,,,,,,,,,,,,,,,,,,,,,,,,,,,,,,,,,,,,,,,,,,
,,,,,,,,,,,,,,,,,,,,,,,,,,,,,,,,,,,,,,,,,,,
,,,,,,,,,,,,,,,,,,,,,,,,,,,,,,,,,,,,,,,,,,,
,,,,,,,,,,,,,,,,,,,,,,,,,,,,,,,,,,,,,,,,,,,
,,,,,,,,,,,,,,,,,,,,,,,,,,,,,,,,,,,,,,,,,,,
,,,,,,,,,,,,,,,,,,,,,,,,,,,,,,,,,,,,,,,,,,,
,,,,,,,,,,,,,,,,,,,,,,,,,,,,,,,,,,,,,,,,,,,
,,,,,,,,,,,,,,,,,,,,,,,,,,,,,,,,,,,,,,,,,,,
,,,,,,,,,,,,,,,,,,,,,,,,,,,,,,,,,,,,,,,,,,,
,,,,,,,,,,,,,,,,,,,,,,,,,,,,,,,,,,,,,,,,,,,
,,,,,,,,,,,,,,,,,,,,,,,,,,,,,,,,,,,,,,,,,,,
,,,,,,,,,,,,,,,,,,,,,,,,,,,,,,,,,,,,,,,,,,,
,,,,,,,,,,,,,,,,,,,,,,,,,,,,,,,,,,,,,,,,,,,
,,,,,,,,,,,,,,,,,,,,,,,,,,,,,,,,,,,,,,,,,,,
,,,,,,,,,,,,,,,,,,,,,,,,,,,,,,,,,,,,,,,,,,,
,,,,,,,,,,,,,,,,,,,,,,,,,,,,,,,,,,,,,,,,,,,
,,,,,,,,,,,,,,,,,,,,,,,,,,,,,,,,,,,,,,,,,,,
,,,,,,,,,,,,,,,,,,,,,,,,,,,,,,,,,,,,,,,,,,,
,,,,,,,,,,,,,,,,,,,,,,,,,,,,,,,,,,,,,,,,,,,
,,,,,,,,,,,,,,,,,,,,,,,,,,,,,,,,,,,,,,,,,,,
,,,,,,,,,,,,,,,,,,,,,,,,,,,,,,,,,,,,,,,,,,,
,,,,,,,,,,,,,,,,,,,,,,,,,,,,,,,,,,,,,,,,,,,
,,,,,,,,,,,,,,,,,,,,,,,,,,,,,,,,,,,,,,,,,,,
,,,,,,,,,,,,,,,,,,,,,,,,,,,,,,,,,,,,,,,,,,,
,,,,,,,,,,,,,,,,,,,,,,,,,,,,,,,,,,,,,,,,,,,
,,,,,,,,,,,,,,,,,,,,,,,,,,,,,,,,,,,,,,,,,,,
,,,,,,,,,,,,,,,,,,,,,,,,,,,,,,,,,,,,,,,,,,,
,,,,,,,,,,,,,,,,,,,,,,,,,,,,,,,,,,,,,,,,,,,
,,,,,,,,,,,,,,,,,,,,,,,,,,,,,,,,,,,,,,,,,,,
,,,,,,,,,,,,,,,,,,,,,,,,,,,,,,,,,,,,,,,,,,,
,,,,,,,,,,,,,,,,,,,,,,,,,,,,,,,,,,,,,,,,,,,
,,,,,,,,,,,,,,,,,,,,,,,,,,,,,,,,,,,,,,,,,,,
,,,,,,,,,,,,,,,,,,,,,,,,,,,,,,,,,,,,,,,,,,,
,,,,,,,,,,,,,,,,,,,,,,,,,,,,,,,,,,,,,,,,,,,
,,,,,,,,,,,,,,,,,,,,,,,,,,,,,,,,,,,,,,,,,,,
,,,,,,,,,,,,,,,,,,,,,,,,,,,,,,,,,,,,,,,,,,,
,,,,,,,,,,,,,,,,,,,,,,,,,,,,,,,,,,,,,,,,,,,
,,,,,,,,,,,,,,,,,,,,,,,,,,,,,,,,,,,,,,,,,,,
,,,,,,,,,,,,,,,,,,,,,,,,,,,,,,,,,,,,,,,,,,,
,,,,,,,,,,,,,,,,,,,,,,,,,,,,,,,,,,,,,,,,,,,
,,,,,,,,,,,,,,,,,,,,,,,,,,,,,,,,,,,,,,,,,,,
,,,,,,,,,,,,,,,,,,,,,,,,,,,,,,,,,,,,,,,,,,,
,,,,,,,,,,,,,,,,,,,,,,,,,,,,,,,,,,,,,,,,,,,
,,,,,,,,,,,,,,,,,,,,,,,,,,,,,,,,,,,,,,,,,,,
,,,,,,,,,,,,,,,,,,,,,,,,,,,,,,,,,,,,,,,,,,,
,,,,,,,,,,,,,,,,,,,,,,,,,,,,,,,,,,,,,,,,,,,
,,,,,,,,,,,,,,,,,,,,,,,,,,,,,,,,,,,,,,,,,,,
,,,,,,,,,,,,,,,,,,,,,,,,,,,,,,,,,,,,,,,,,,,
,,,,,,,,,,,,,,,,,,,,,,,,,,,,,,,,,,,,,,,,,,,
,,,,,,,,,,,,,,,,,,,,,,,,,,,,,,,,,,,,,,,,,,,
,,,,,,,,,,,,,,,,,,,,,,,,,,,,,,,,,,,,,,,,,,,
,,,,,,,,,,,,,,,,,,,,,,,,,,,,,,,,,,,,,,,,,,,
,,,,,,,,,,,,,,,,,,,,,,,,,,,,,,,,,,,,,,,,,,,
,,,,,,,,,,,,,,,,,,,,,,,,,,,,,,,,,,,,,,,,,,,
,,,,,,,,,,,,,,,,,,,,,,,,,,,,,,,,,,,,,,,,,,,
,,,,,,,,,,,,,,,,,,,,,,,,,,,,,,,,,,,,,,,,,,,
,,,,,,,,,,,,,,,,,,,,,,,,,,,,,,,,,,,,,,,,,,,
,,,,,,,,,,,,,,,,,,,,,,,,,,,,,,,,,,,,,,,,,,,
,,,,,,,,,,,,,,,,,,,,,,,,,,,,,,,,,,,,,,,,,,,
,,,,,,,,,,,,,,,,,,,,,,,,,,,,,,,,,,,,,,,,,,,
,,,,,,,,,,,,,,,,,,,,,,,,,,,,,,,,,,,,,,,,,,,
,,,,,,,,,,,,,,,,,,,,,,,,,,,,,,,,,,,,,,,,,,,
,,,,,,,,,,,,,,,,,,,,,,,,,,,,,,,,,,,,,,,,,,,
,,,,,,,,,,,,,,,,,,,,,,,,,,,,,,,,,,,,,,,,,,,
,,,,,,,,,,,,,,,,,,,,,,,,,,,,,,,,,,,,,,,,,,,
,,,,,,,,,,,,,,,,,,,,,,,,,,,,,,,,,,,,,,,,,,,
,,,,,,,,,,,,,,,,,,,,,,,,,,,,,,,,,,,,,,,,,,,
,,,,,,,,,,,,,,,,,,,,,,,,,,,,,,,,,,,,,,,,,,,
,,,,,,,,,,,,,,,,,,,,,,,,,,,,,,,,,,,,,,,,,,,
,,,,,,,,,,,,,,,,,,,,,,,,,,,,,,,,,,,,,,,,,,,
,,,,,,,,,,,,,,,,,,,,,,,,,,,,,,,,,,,,,,,,,,,
,,,,,,,,,,,,,,,,,,,,,,,,,,,,,,,,,,,,,,,,,,,
,,,,,,,,,,,,,,,,,,,,,,,,,,,,,,,,,,,,,,,,,,,
,,,,,,,,,,,,,,,,,,,,,,,,,,,,,,,,,,,,,,,,,,,
,,,,,,,,,,,,,,,,,,,,,,,,,,,,,,,,,,,,,,,,,,,
,,,,,,,,,,,,,,,,,,,,,,,,,,,,,,,,,,,,,,,,,,,
,,,,,,,,,,,,,,,,,,,,,,,,,,,,,,,,,,,,,,,,,,,
,,,,,,,,,,,,,,,,,,,,,,,,,,,,,,,,,,,,,,,,,,,
,,,,,,,,,,,,,,,,,,,,,,,,,,,,,,,,,,,,,,,,,,,
,,,,,,,,,,,,,,,,,,,,,,,,,,,,,,,,,,,,,,,,,,,
,,,,,,,,,,,,,,,,,,,,,,,,,,,,,,,,,,,,,,,,,,,
,,,,,,,,,,,,,,,,,,,,,,,,,,,,,,,,,,,,,,,,,,,
,,,,,,,,,,,,,,,,,,,,,,,,,,,,,,,,,,,,,,,,,,,
,,,,,,,,,,,,,,,,,,,,,,,,,,,,,,,,,,,,,,,,,,,
,,,,,,,,,,,,,,,,,,,,,,,,,,,,,,,,,,,,,,,,,,,
,,,,,,,,,,,,,,,,,,,,,,,,,,,,,,,,,,,,,,,,,,,
,,,,,,,,,,,,,,,,,,,,,,,,,,,,,,,,,,,,,,,,,,,
