,전체 산업,"농업, 임업 및 어업(01~03)",광업(05~08),제조업(10~34),"전기, 가스, 증기 및 공기조절 공급업(35)","수도, 하수 및 폐기물 처리, 원료 재생업(36~39)",건설업(41~42),도매 및 소매업(45~47),운수 및 창고업(49~52),숙박 및 음식점업(55~56),정보통신업(58~63),금융 및 보험업(64~66),부동산업(68),"전문, 과학 및 기술 서비스업(70~73)","사업시설 관리, 사업 지원 및 임대 서비스업(74~76)",교육 서비스업(85),"예술, 스포츠 및 여가관련 서비스업(90~91)"
2008-01-01,1583732084.55987,2183639.6550000003,523284.77157,450617668.27798,54453441.041999996,2822671.7141279997,108016042.16700001,71418381.8985,97701895.15638,1870138.2912,39386123.203590006,118359819.39936,2885672.098296,22099103.53203,16399721.048866,21395748.497759998,5247123.054282
2008-02-01,1548771591.5456734,2103472.797418788,526744.0488079335,441263474.0219799,53693290.2190663,2797306.8361102827,95878174.1274852,71316868.27473345,95827404.87878448,1888835.3381123631,38074707.995345995,116161020.93722142,2934122.479474483,23039555.614816442,16659174.291843964,21899864.225394145,5157778.999039485
2008-03-01,1521370608.155427,2043863.776701934,527239.6537071409,434348132.34454054,52958741.50257345,2787744.0041468516,87875426.71425532,71269972.99489899,94432089.25566943,1910823.8970012977,37043029.68743924,114015079.72467305,2988376.510737496,23847821.155068103,16910194.278067157,22300122.321054094,5100967.867905599
2008-04-01,1497440584.7125535,1995671.749363355,525105.1918085344,428829236.6467849,52155787.133962214,2791978.6786868637,82645140.85993025,71269828.56804258,93301951.77629839,1938573.0726333805,36135511.7874475,111641671.49572162,3054880.0682629966,24639961.932638433,17186176.12922029,22655945.182732172,5066981.342303521
2008-05-01,1479255941.6308887,1963417.6594696532,520676.40908854164,425245340.03707916,51368386.03033184,2809633.525797627,80602471.4224338,71317506.11892456,92542889.10944778,1969054.2130224586,35436510.75381139,109281881.0703087,3126599.505925552,25340295.28977198,17459586.859733183,22933513.416133072,5058580.579105122
2008-06-01,1465286660.595483,1944006.7434011556,513930.68375483376,423266484.1234128,50551557.5730636,2841180.9227381772,81345203.02632068,71414746.02300948,92082158.26829857,2003719.898758145,34885780.89217761,106794492.88045876,3207249.8000191124,26000214.40960583,17747391.331829537,23155663.27848087,5073281.10429013
2008-07-01,1456129867.3958035,1937787.2298519537,505564.1919726922,422933199.1515404,49765191.78605967,2883911.08223851,84570760.37269306,71553898.128967,91928292.04602125,2039778.927625665,34505791.254817486,104355398.50533885,3290607.0001631333,26581646.92219483,18029813.002049193,23312208.931441337,5108292.39478447
2008-08-01,1450857400.3756988,1943399.9936253421,495291.7980123114,424132234.17197406,48964377.07180977,2939968.069050301,90228143.20503022,71742801.11593336,92048893.88543506,2079055.7394465283,34257563.573796086,101818095.44699302,3381161.933483663,27128059.287706412,18324417.461929638,23417918.460209187,5164024.11348072
2008-09-01,1449520250.048878,1960289.7478218442,483642.8122281686,426807476.52815044,48183154.41238835,3007406.5037147515,97977537.65503986,71976094.42539246,92431174.47661541,2119792.417383165,34142262.52281846,99279977.50163853,3475124.6716872375,27623960.011144716,18620552.828022078,23471057.473137304,5237673.793599814
2008-10-01,1451665719.1524885,1986457.8446449547,471322.7372685206,430713871.3134581,47453057.169949025,3082824.276194625,107211369.7826568,72242735.90708356,93028851.8077987,2160044.193888079,34144039.27351326,96838542.76424597,3568269.115824184,28060322.667206902,18907371.273626845,23476620.166974273,5324145.618461529
2008-11-01,1457119130.1839318,2022704.3329227879,457782.865191728,436020812.89555395,46732924.98328582,3170544.6254402315,118279190.9834433,72559063.53185837,93859632.22536814,2201915.025291938,34249366.65048253,94347132.71270786,3665738.575953412,28470942.392291944,19202731.508640427,23439309.09630655,5427279.953249602
2008-12-01,1465224532.0251374,2065786.641069028,444157.70421101345,442298780.06885344,46076409.40722962,3264233.7027425314,130212291.14579828,72903292.45672926,94848725.21548018,2242148.8612723444,34438387.432539366,91981898.40113893,3760223.994208205,28833830.64837398,19486369.52102738,23365677.837833196,5538580.8678187905
2009-01-01,1476204576.0226798,2117632.432,429811.54065,449875272.02688,45447255.525,3369432.83404,143540172.8676,73296933.14876,96039931.50178,2282848.462125,34710057.37971,89601261.33581999,3856958.078922,29177884.27852,19775931.991803,23255149.349320002,5663544.0
2009-02-01,1489508861.0983365,2175965.7757663587,415471.27200974856,458466355.62715286,44875790.441924594,3482440.3797081457,157611011.91313165,73727671.53239176,97380552.42235753,2322069.354409366,35045458.089338414,87301470.42441303,3951692.74796286,29495281.355787467,20060623.232517097,23114016.089028824,5796666.498855504
2009-03-01,1503251849.1378489,2233422.9661546005,402756.83357297245,467020309.4479256,44415633.76615223,3590621.03382366,170731383.55662155,74147382.76031673,98700940.6247051,2355728.44636028,35391516.7873219,85307491.54643747,4034629.7070673574,29763071.09496162,20312497.80681146,22963937.397785265,5922274.673902616
2009-04-01,1520077854.3176312,2301422.5934228864,389201.6620772362,477283990.36810756,43975288.99641234,3716489.6700736005,185461074.93419915,74644644.21522515,100263088.99029484,2390490.0896393484,35809477.59905153,83207280.70987938,4122532.224335989,30043088.15092982,20584334.258242086,22776852.161032833,6065463.698988668
2009-05-01,1537675085.6052697,2370733.1734716487,376860.8000412194,487925027.79178905,43625334.45246313,3843738.9113309924,199670231.634427,75157117.6045534,101854464.28118956,2421082.7256884472,36236024.40851063,81297362.1030728,4202678.215878748,30302003.04463715,20839191.314488243,22578919.08552589,6206357.192360349
2009-06-01,1556898982.9771006,2445030.9206773783,365184.1537181914,499561792.2625182,43349952.61966462,3980147.427797979,214040093.35770795,75717529.69299571,103559019.37441981,2448966.36814119,36685948.044218905,79466511.61261594,4279344.428248264,30561781.061658908,21092796.926155854,22361274.34122798,6352423.6304353895
2009-07-01,1576205176.8414803,2518618.3435229277,355186.0232082285,511356386.9044764,43174101.48163064,4116240.1986867245,227388915.1200221,76288348.25281166,105245591.19642206,2471787.365962349,37117159.268296584,77848263.54674733,4346563.948594577,30810165.387070104,21327580.92787693,22142105.935394935,6492397.269953262
2009-08-01,1596563038.0131946,2595456.779237908,346472.4968663372,524004086.0757637,43093570.41744889,4260385.462841463,240340580.95924476,76906189.726728,107004479.05963407,2490487.62357034,37544759.87023793,76350838.4947944,4407751.758723887,31068419.268559653,21557933.066622403,21911134.34930189,6633685.263741447
2009-09-01,1617012800.1949468,2672146.422895481,339680.46799317707,537026752.5296824,43123515.798153825,4407388.271444136,252165926.27699614,77551024.07035628,108757226.04792377,2503637.422067421,37940211.99327617,75047410.84299657,4459447.795285709,31333070.707688894,21774543.041384887,21679994.185817122,6769610.911219014
2009-10-01,1636582934.5251992,2745306.5137135126,335200.8942092265,549898256.3288331,43264953.92951341,4551687.933775438,262279946.12540734,78199366.37669133,110426161.22602835,2510517.455116347,38279092.51831891,73986324.92533615,4499406.86293039,31599828.87189877,21969859.43374797,21460341.624311678,6894183.847493075
2009-11-01,1656260407.8497968,2818869.9001197796,333007.7676512261,563385665.7751292,43534826.80857496,4702199.814775776,271090871.0814269,78893001.33822788,112100408.13012584,2511006.896150721,38570347.85492474,73112945.47435452,4529226.57995069,31891181.931464784,22155640.816725366,21241864.869015887,7013784.511841523
2009-12-01,1674471587.6124022,2887186.468713231,333503.548434412,576531687.5427154,43922914.69560647,4848538.9991712915,277775597.24279386,79585801.70315497,113650759.05369347,2504519.461968758,38782125.42967215,72499034.47316274,4545962.3880353095,32192835.971942972,22318692.781638805,21042805.60531447,7118854.630276516
2010-01-01,1692112843.68768,2953866.16644,336993.919,590121691.1314,44462602.904699996,4999756.82004,282513735.60732,80322516.03454,115158431.91594002,2490043.161522,38914898.1221,72119768.31539999,4549663.688173,32529605.55536,22468622.939672,20854224.923958,7214474.45422
2010-02-01,1708307726.8805866,3015934.646480291,343661.8600209052,603624262.6082947,45145850.50950687,5150251.106491031,284874154.0599946,81076784.57464713,116553345.40660034,2467501.203009933,38951927.27598491,72006534.71843119,4539007.684924398,32894783.612608373,22599250.988609504,20687096.644982047,7295759.9451904725
2010-03-01,1721721416.551252,3068576.845719377,352126.45493163937,615663948.4397631,45872077.09981895,5284924.1228221925,285138519.56049156,81763052.7667407,117720751.36662747,2441461.9406424817,38914555.84620458,72106915.60554267,4518369.059558205,33245441.19559697,22703047.36418786,20556858.527017783,7358463.455145961
2010-04-01,1735329928.4423563,3123986.4733037306,363761.00626252196,628730217.7434591,46776307.47267092,5431923.222759831,283651352.3964609,82515159.46595062,118921055.61398166,2408136.5817556535,38812811.591595165,72404470.61654676,4485309.4211420985,33650980.386942215,22805713.089820046,20437796.01381712,7418546.985320847
2010-05-01,1747356997.153882,3175637.900116248,376848.6397873318,641021960.2974093,47731240.20874341,5571372.4655962745,280716155.31518173,83222231.3383337,120000548.12563744,2373159.7177189616,38671792.93496718,72841398.63537392,4445064.106855838,34055080.12065305,22896231.009477295,20349888.079704285,7469847.857277366
2010-06-01,1758711862.369847,3227939.731821627,391796.270020919,653263017.0361658,48778770.97684056,5711816.8719411185,276441491.3467711,83917436.100964,121042025.27569015,2336092.4706877456,38501160.326761454,73406719.25345099,4397047.114820108,34478615.161863744,22984291.31737665,20289592.566719666,7518455.300781303
2010-07-01,1768764791.4928257,3278441.5465232893,407193.8560660346,664572123.6422598,49830481.7392837,5843476.067776317,271394373.5035712,84542549.03803337,121988661.91285978,2301138.2159048193,38330168.61449546,74025566.96988136,4346363.630379983,34888454.90387676,23067711.99114136,20263018.705988105,7563788.344219689
2010-08-01,1778293414.9009345,3331475.3090785425,423602.309272216,675607611.9870534,50934720.03330171,5974375.737244719,265542570.09823763,85125273.937595,122914397.3529427,2267859.582809111,38166480.04490087,74699089.35593215,4291731.773645895,35305856.779046506,23155710.07526231,20270713.277775407,7611538.36212377
2010-09-01,1787057742.7116466,3386352.5361735555,440043.3073009822,685884670.5427655,52034591.89352764,6099278.927498973,259353115.23651376,85629537.79328765,123797824.86203445,2239392.227573648,38035381.684470855,75366449.82547733,4236935.359012615,35710894.828990236,23249249.93025508,20316494.75331986,7662922.031970347
2010-10-01,1794915608.5163996,3442148.7963796277,455534.3623474858,695015560.4809463,53073762.221770905,6213716.185112479,253336259.59972697,86029309.95920368,124622952.76919834,2218256.0028576097,37957989.32422801,75967600.46640779,4185779.262916131,36085225.562029466,23348586.616097018,20399306.797239427,7718690.95403651
2010-11-01,1802498305.1387625,3503549.0175876934,470642.6170280236,703513399.2284298,54099742.52631369,6324565.065013307,247395122.31429368,86337271.50531945,125455619.8082303,2204934.7401043805,37948205.16770554,76502509.04495728,4136950.0980231133,36447739.143253714,23463998.244750816,20526988.58344332,7785232.228095358
2010-12-01,1809419465.6970243,3567515.7850300334,483947.66757780116,710738420.4026685,55025505.121964715,6423954.5819862485,242204230.80010593,86520181.14915022,126252472.4479162,2202099.815571099,38024906.74295748,76898272.12729548,4095605.4479274936,36769241.834351644,23591538.192500737,20693521.775366798,7860807.861207794
2011-01-01,1816247935.99832,3639278.72708,495870.92298,717076683.5129,55891001.001499996,6517759.1082500005,237721768.45842,86576262.45920001,127077464.40422001,2211455.14738,38212269.18255,77141164.97575,4061086.021696,37065101.93095,23743364.78877,20912326.956786003,7953125.40055
2011-02-01,1822824891.1588342,3717269.5682213125,505584.8064657105,722211545.3910521,56645936.24840743,6601987.338183839,234366079.9908962,86488516.74503955,127909071.45453197,2234593.610049172,38522046.079175554,77184328.80462761,4036571.310007143,37318622.03658675,23917589.523835484,21179739.00320466,8061653.755351034
2011-03-01,1828508741.3785727,3791784.2519917893,512553.6559034722,725898065.2115315,57231458.95635775,6670147.322474708,232239886.2092251,86296326.91259369,128650370.63755476,2266367.3696288713,38895111.42298706,77057943.81871343,4022901.2707396694,37509254.983727664,24090384.144305374,21459924.92058325,8171936.3384962175
2011-04-01,1834442213.4064434,3876885.9915398555,518488.204596472,729055949.4482267,57775550.920365386,6737412.572696213,230742436.11065906,85975553.01651952,129437327.86687174,2311911.891800787,39391671.05408269,76751249.02344169,4016563.9551466918,37676422.08828419,24292945.433971148,21808286.929355644,8304837.29385092
2011-05-01,1839750278.6634672,3959963.1860542623,522664.48963545205,731316208.1688749,58200355.34240711,6794867.703352802,230006705.45320025,85573938.75711252,130142472.0326573,2364703.824203175,39936253.19131441,76303736.84457596,4018656.754059716,37792868.40684324,24494462.59835762,22178999.89008105,8441520.82796841
2011-06-01,1844707287.7593093,4044541.795861874,525590.7032948784,732966641.9217997,58536848.064227305,6846943.15013627,229830252.9210827,85082722.77472417,130788627.33909056,2426494.2707959656,40544304.07343042,75702822.90551339,4028703.39499252,37864847.17595636,24702207.869713884,22591876.622014463,8588173.920677416
2011-07-01,1848917314.892418,4123238.7066871305,527298.001857662,734032022.305608,58765861.82858047,6890853.630245399,230077631.61862832,84550838.8085309,131310955.51928942,2491604.038009839,41156627.669749536,75003787.72280918,4045466.2568998113,37886269.33962471,24896879.684292424,23015588.20476262,8732534.96000902
2011-08-01,1852581508.1308637,4199287.859944282,528129.9784998556,734720491.3128338,58905319.76669843,6930126.602668818,230611940.8537379,83960840.85176511,131720093.04506047,2562605.4187921556,41793186.31629247,74177278.71960458,4069447.0714949863,37857053.19074042,25085293.917688455,23473480.699048676,8881302.759472884
2011-09-01,1855467460.558261,4267934.104207082,528247.9808264662,735129139.6611973,58948693.8945017,6963808.2964710025,231273596.03137293,83348104.5467258,131971906.07837671,2635591.744611423,42412430.727589265,73262421.87208033,4099570.356402529,37774108.211795636,25254489.282284513,23946777.46328799,9026685.429788306
2011-10-01,1857442373.6034467,4325369.798773844,527904.7392113004,735390872.7833403,58901754.1557658,6991660.577834432,231886713.33596325,82750915.85500184,132042397.00657211,2706402.2904954115,42975027.69614629,72309650.94502415,4133974.444180926,37641220.72825585,25393964.345678926,24414730.23757725,9161324.350025507
2011-11-01,1858558387.7286298,4373411.470641584,527307.1441518806,735660256.1876861,58764026.78151663,7016140.359164689,232338774.64921278,82147475.12145692,131912079.8179864,2777989.401302825,43497624.449466765,71272697.64528714,4174337.1482683155,37448021.72319938,25506855.200054638,24903634.495409016,9291270.192421207
2011-12-01,1858667383.259398,4407033.22733732,526713.6944291086,736051161.4953303,58546939.35941637,7036242.723173672,232453783.79509717,81593956.39179371,131566211.2454161,2844041.8406117875,43926538.12646925,70234974.06108093,4217464.972577173,37205530.384122156,25579979.92146934,25377256.31471916,9405339.232123464
2012-01-01,1857697106.157,4426464.0,526314.6,736726765.69373,58238674.941599995,7053907.92111,232086015.44474,81071471.34168,130957547.97715,2907194.7461759998,44269503.73522,69144548.38878,4265617.312981,36896070.7704,25612051.245974,25862269.105335,9508210.816
2012-02-01,1855580712.79888,4428820.241381368,526288.8651990584,737781595.7380708,57851451.11581697,7069024.581788849,231104668.5796317,80613311.57807246,130081902.15389562,2963705.6085093725,44495492.10845665,68052812.64678204,4316558.988880013,36528369.51278087,25595357.174069356,26336824.05829017,9594295.612565853
2012-03-01,1852646853.4919984,4416088.560321678,526468.724172909,739076583.7950538,57436276.1552031,7081403.680978419,229654341.838654,80240472.25154291,129056292.82498549,3010448.3034442584,44608969.78685381,67044109.62972144,4365162.403144967,36144152.214516014,25537488.060890965,26762390.74114311,9663282.010291189
2012-04-01,1848614426.9711294,4387587.118287712,526660.349891644,740717732.492526,56959253.314300664,7093334.900510381,227595499.6194773,79894743.91191708,127789497.00872093,3054082.5888565383,44640023.325325735,65993622.2963949,4416222.750459258,35706814.59889641,25434135.09241079,27187174.54083667,9729975.818398004
2012-05-01,1843950541.9286063,4346398.866645379,526632.4221349434,742487989.1986502,56487678.10346835,7104167.159481307,225161659.51211646,79605539.5549141,126444746.89333646,3090286.1677239146,44595326.18360146,65018283.7408141,4462898.097195006,35273341.092287846,25296866.624190446,27558398.569256827,9792729.570406167
2012-06-01,1838471281.6945992,4290882.0833692085,526158.3573414324,744430733.0568116,56014131.50073172,7115221.036682605,222252759.48739517,79346606.71376921,124984031.47827564,3121691.0170415225,44486734.85205922,64067784.29841242,4506338.2719555665,34831680.98577185,25120306.813339084,27890025.503310855,9861164.573561627
2012-07-01,1832651722.8652341,4225675.425118446,525053.631545883,746349180.5715765,55592156.7505805,7126356.207977799,219116004.0209222,79127976.80555007,123551020.51313584,3146480.0798557885,44335456.87050622,63217530.04571527,4541862.744174784,34426455.31807706,24919460.503938273,28150335.840515696,9936070.78064674
2012-08-01,1826230903.8515594,4147535.9427603954,523019.87465099717,748296590.2735732,55217641.52841905,7138913.446313252,215604470.05958062,78928102.32674411,122101818.94071032,3166524.365424974,44146243.33999877,62425550.27168161,4569877.950821583,34047496.56954592,24684713.330351815,28345898.011697594,10027879.662579246
2012-09-01,1819525224.4247637,4059583.072538003,519850.878833833,750132578.8266467,54930073.35644393,7153147.045585422,211881499.83458316,78747611.40263966,120737196.98771629,3181128.2279674127,43938677.14909694,61736560.82484971,4587063.204990089,33726088.01624561,24426151.44970514,28455868.9095538,10139857.373257812
2012-10-01,1812887544.1175506,3966192.2826477196,515485.73740302055,751731023.8741622,54757811.25823271,7169096.7394460095,208137497.65875557,78584651.22488485,119547099.3936806,3190292.3505591857,43734690.174111634,61182095.64923573,4591483.963535957,33486146.988339767,24156909.10337805,28470360.39724888,10272688.624400299
2012-11-01,1806002359.90911,3862241.6818475453,509408.71921891044,753123850.4489306,54713390.41931906,7188424.269012399,204185057.36502367,78421385.60533138,118503825.32613671,3194846.079777053,43535519.58320368,60739903.30560416,4581473.082516557,33328524.942156702,23862812.189939234,28379552.982308414,10440666.556528263
2012-12-01,1799435453.1681142,3755494.6892176312,501796.7811801848,754149753.589931,54822668.551042825,7210455.526124568,200338708.60764217,78261673.88223456,117724112.8348422,3194704.6889964566,43368216.73936515,60452595.86410814,4555798.486577339,33279517.880274583,23566448.592346884,28178980.99121674,10638158.997974234
2013-01-01,1792876039.1114998,3639939.0,491917.73904,754802488.8695401,55116950.1876,7237257.6894499995,196404222.1141,78087896.43109,117207620.09418,3190077.157236,43236464.4195,60315732.40112,4510786.67481,33352706.19009,23251836.125752002,27844487.366247,10883769.83528
2013-02-01,1786656454.7956507,3520424.163590118,479899.5294237599,754983226.23106,55607663.76100696,7268055.560430507,192569965.53104255,77899822.50836648,117019415.12256162,3181312.217803301,43158114.348863035,60350556.14833357,4446068.112868168,33563656.94282346,22933539.805408724,27375357.259432983,11174627.533551687
2013-03-01,1781359410.8480935,3411069.9394268594,467573.928548928,754750969.115068,56189376.716273494,7296864.006444143,189230722.58517054,77718623.75660986,117100747.20578311,3170833.623926901,43131554.650073275,60517732.498212375,4373424.838957015,33865435.187372684,22650180.611771464,26850018.201138437,11470563.01143793
2013-04-01,1775863014.6313806,3290897.7254564934,452836.4592711481,754084268.2101315,56941421.15149191,7326470.466876141,185709264.00168046,77508131.85208338,117417622.0626199,3157682.8533439515,43145909.93532505,60834344.48672731,4281355.5037665805,34309804.44342873,22350059.979118578,26176898.454519436,11826343.227803277
2013-05-01,1770925359.7812479,3177929.56140776,438013.5769162052,753057311.4778876,57732428.6135685,7349482.01444934,182514974.93211308,77297177.46993668,117900348.7640934,3144679.2714897683,43198457.512549356,61253796.60982422,4184629.0250664586,34837390.264517866,22082152.469498146,25454726.79278214,12190243.037364012
2013-06-01,1766231207.5799775,3067228.276051571,422684.337861552,751631565.8774327,58567234.69505241,7363854.389953449,179475405.12014815,77074508.24814804,118526761.90654655,3132316.05401254,43287221.694531135,61784246.03276638,4081093.233345559,35469727.93472911,21838131.917383973,24657553.759503666,12577382.808354735
2013-07-01,1762096748.5915215,2968418.9622725695,408380.7086166913,749927665.3898635,59346131.64368841,7365235.052576688,176825425.62339747,76857180.94900383,119204425.36450121,3122692.7287638905,43401231.26996729,62372511.15700676,3981540.3382935007,36152967.72573352,21642868.06907807,23858055.74476991,12954037.127759367
2013-08-01,1758260290.48894,2877508.372192984,394716.3624330812,747861947.3905889,60073147.684462965,7350137.684112099,174428873.49039528,76633518.34934923,119924169.51806569,3116527.821832378,43542608.018190205,63038003.34788493,3883629.742642397,36919021.85294781,21492877.66980853,23025128.201958224,13336176.664468765
2013-09-01,1754880959.8680391,2800610.1959883445,382762.930883997,745516629.6302083,60672359.99704415,7314608.352294378,172420850.31544858,76413636.94293149,120608487.00368261,3115586.442272909,43702369.28548995,63741927.32585005,3795127.892590853,37732239.250598475,21405209.03945526,22207869.10275168,13701840.92517522
2013-10-01,1752059374.8123999,2742044.651506795,373373.0627122805,743009716.301169,61084203.57438603,7257308.246078241,170886729.2206054,76207169.26224071,121184404.77637695,3120965.1311208704,43869179.35275963,64440568.862535805,3722596.993225352,38550932.346914455,21388933.83028454,21453370.98848639,14031178.114748295
2013-11-01,1749621367.9239373,2700501.4088237286,366488.0152409328,740204010.5894487,61288236.416722044,7170838.99600077,169764737.8145272,76003162.05868563,121635970.17057294,3134382.548737927,44048680.032120556,65160697.75077807,3665497.913657111,39416043.577666536,21452501.3634668,20733529.30590427,14337004.42675675
2013-12-01,1747737572.0044868,2681143.751619068,363094.9684256949,737309176.1607413,61225445.81948399,7057353.97257803,169166032.4189621,75817468.09337622,121882027.56068003,3156274.9561954243,44224046.14469676,65836895.00717176,3631626.9466626756,40258705.56545865,21600936.99270429,20116031.325691443,14590840.477796253
2014-01-01,1746296338.9317102,2685275.20912,363534.96768,734162154.7943801,60843747.5046,6905709.1452,169091201.68919,75640519.03208,121884633.58895001,3189461.9284289996,44401489.90563,66494434.1392,3623022.290178,41121458.67216,21853670.761728,19581905.83686,14800469.0522
2014-02-01,1745366329.30253,2715251.588061735,368346.65370036743,730886835.094512,60107783.99274971,6717346.886521795,169593229.16002673,75480601.06488064,121593319.08883734,3234201.803671778,44570206.822664104,67094243.738833584,3644472.554829003,41963742.58552577,22212123.81661541,19170323.65062406,14950235.12973396
2014-03-01,1744909127.815689,2761298.1072319155,376043.9247624664,727841823.9427567,59165471.97332515,6520280.291316524,170506651.35328162,75349045.0150876,121101748.32360837,3283359.907394287,44713187.134616084,67587121.20323664,3688642.6065355036,42701547.188849695,22614453.050537605,18899420.908518936,15038468.292920053
2014-04-01,1744748316.719635,2828433.5053819823,387621.07278703235,724400314.6832519,57860332.06732228,6279173.083984981,171971287.6086663,75214762.79560891,120347627.79599825,3345621.3684579222,44859595.7695181,68083563.49659507,3762764.425963701,43488470.03471413,23128540.120399944,18700786.195801385,15091778.082858171
2014-05-01,1744860641.3804028,2904770.2786814794,401233.40581085585,721024960.649883,56380248.645273834,6029724.085617118,173786949.84605482,75093320.72093146,119450425.62974386,3411885.8890841524,44987925.91519856,68519549.90498361,3857518.8433912485,44215603.826040246,23676594.427781444,18599656.450796746,15106588.029346596
2014-06-01,1745170682.5801713,2990273.4273718153,417096.03002835356,717517895.3888403,54674578.71376811,5762587.633846593,176015588.18496984,74973560.3555638,118395819.46776049,3484617.207964578,45105175.38892409,68929304.11862881,3976862.7885897653,44926664.587573,24275778.579418834,18578339.603506267,15092025.96376186
2014-07-01,1745579076.667584,3074521.6956884437,433522.78570754826,714131376.6221449,52899340.18241088,5501971.010078951,178456853.34235802,74860276.87339365,117295393.56433363,3557252.6677359836,45202288.809018165,69291327.67072876,4110837.575860851,45571221.46987705,24868889.962600525,18627729.259258036,15056823.649590852
2014-08-01,1746030142.3865948,3158007.5168739134,450916.4072198811,710666793.580432,50984213.05050313,5237784.04358786,181214402.2990753,74742855.74509673,116121277.31323372,3632680.7363663143,45284182.877708286,69634913.39442404,4266014.826299021,46187485.370429195,25476094.98911657,18740167.974770363,15006774.767499462
2014-09-01,1746426476.3013818,3232655.9589666515,468032.47672357317,707265203.3846508,49035865.35493873,4986201.52354715,184150647.7212954,74621954.66125053,114955781.74179436,3706500.393729161,45345734.85699645,69952736.23730963,4435804.364329628,46748317.43663153,26057838.2589439,18903886.433824204,14951102.530294677
2014-10-01,1746677680.19144,3291523.200960758,483662.1007234251,704059600.5958647,47165217.088209644,4761784.974912757,187105130.61519527,74498676.71777344,113880114.50211675,3774516.482950871,45384425.62698701,70240768.58125693,4611745.763208545,47233673.629231624,26577823.26495509,19100551.939913675,14899749.893425455
2014-11-01,1746717593.4542327,3333409.6076772804,498154.8714789215,700863435.5099026,45295587.60059204,4556857.565300564,190215722.47739822,74361741.0879207,112868055.56555459,3839309.5139627433,45401277.04656727,70523370.51219626,4803208.418137474,47671151.46639267,27051341.327128798,19332325.439779624,14857433.849377805
2014-12-01,1746464280.0472414,3350707.906704825,509913.00690079556,697908907.7729747,43593572.83756995,4391613.089525259,193225173.79754218,74217051.02715963,112028444.20410818,3894828.977005986,45393711.02787654,70787246.9364036,4995580.823435413,48027970.609929144,27429297.322396293,19573772.129256185,14834676.740894303
2015-01-01,1745817944.88146,3339447.2,519028.00001,695026206.0177001,41993734.383,4262319.52006,196275020.634,74051898.23426,111350797.44768,3942822.2736,45359665.64389,71055147.54516001,5199327.774732,48323159.4414,27717513.97002,19830038.367310002,14838101.92902
2015-02-01,1744729702.5269384,3295126.262247957,524533.7182033868,692342701.6188494,40593682.73178048,4180273.7494455525,199209098.40518218,73870182.07303716,110897891.34392387,3979691.2305456735,45299054.315634325,71322117.88671678,5405709.129510753,48540927.47212379,27887778.068842713,20083446.823512904,14875170.79317288
2015-03-01,1743433421.836193,3229574.994204891,526553.359269443,690107087.9969689,39498323.66311429,4143524.11425909,201730688.2664363,73699299.6087727,110660703.33151835,4003380.726287169,45227060.18171521,71561395.92767687,5592322.711294037,48675875.98136558,27947399.726501144,20306257.691707853,14936211.480464596
2015-04-01,1741756560.9358234,3133629.4788592006,525855.2673612089,687857672.7889036,38460115.587632515,4138409.1826772504,204352924.80814683,73513246.87812424,110550989.16187802,4019284.9928995203,45136033.18184647,71821826.59630464,5796866.897779778,48764278.91560758,27922622.26913697,20543532.915782668,15030884.875249922
2015-05-01,1739996087.3908687,3022226.475137288,522575.9841022347,685923855.3372662,37617318.14491207,4163325.51832948,206694038.21216288,73346837.64956082,110560761.87486318,4024661.7360797417,45044312.184459426,72066966.2558319,5990482.010690802,48796071.09282866,27821132.199056204,20761085.84020026,15146228.61641477
2015-06-01,1738145853.83667,2893099.601959788,516851.53933643305,684195069.9447116,36900193.825676724,4213818.599316314,208881349.29666513,73200195.32420859,110651126.62005083,4020205.3977779094,44954002.032694295,72310590.46960118,6183655.222150516,48781146.78738886,27650396.702600542,20970584.144861937,15286318.557227314
2015-07-01,1736431690.1658077,2759519.3610782353,509390.73000066355,682800421.4270444,36342037.37361173,4280776.80404735,210746217.79326415,73093518.20239629,110778398.72404252,4006525.103349018,44878797.15545087,72534524.27778007,6361606.784065828,48727911.071149975,27435055.31091146,21155797.270801622,15438657.492014546
2015-08-01,1734850536.3385627,2617740.888935954,500050.8175337193,681665288.6825173,35892087.34548457,4362548.40189504,212384214.8596461,73030911.82570015,110911516.62914896,3983044.8255692017,44821903.47054562,72751129.52028789,6533779.6318270955,48640589.69224139,27174985.12222343,21326236.91135543,15609787.620286118
2015-09-01,1733575689.1113358,2477400.541626239,489414.23019717046,680859832.8303818,35557254.67484154,4450891.8391688345,213699215.17888325,73028114.10359685,111006069.55142978,3950408.8948356505,44794523.40971413,72950090.06431514,6691589.88996175,48528329.73528664,26891215.118864514,21472503.560304128,15791182.813638804
2015-10-01,1732741240.5456228,2347950.607235721,478229.3598415167,680412019.092112,35329716.23178404,4536724.421439981,214636434.32884362,73093207.93566197,111022582.70370582,3910433.488905919,44804081.90650147,73123348.15157169,6828291.974905726,48403470.21529393,26607807.6621477,21588291.653121937,15973003.100792171
2015-11-01,1732402778.275382,2225921.5759737925,466105.1971708923,680310348.6845869,35180751.77368005,4619652.70991694,215229600.1774374,73241750.26039687,110922610.59817342,3860789.573122751,44859435.77032616,73279887.24058205,6950578.856917955,48265461.96014241,26320102.11263896,21678484.547603518,16163756.104746955
2015-12-01,1732688598.5619707,2124126.0243071136,454163.4241482746,680578951.2632872,35107000.56930315,4688472.48897769,215412920.5360114,73474895.20715697,110674748.35825476,3805001.6004205826,44964881.751662835,73407150.7666595,7048244.099482607,48130650.94167526,26060284.456515443,21734548.808020234,16347676.035111297
2016-01-01,1733728973.6295,2040938.0679600001,441962.57129999995,681254089.13289,35089994.8586,4741656.13295,215169863.35305002,73819403.12209001,110222925.47,3739686.365024,45135669.1589,73511055.88425,7125378.2167,47997824.55454,25825266.707716,21757386.20334,16533410.4911
2016-02-01,1735605640.6745224,1983884.9171026167,430203.46170860267,682339510.9166843,35120885.79455712,4772171.200804164,214485491.96828958,74275633.00925477,109546801.24678382,3667099.1040370865,45373845.5349438,73585081.72444387,7176720.742931708,47876501.77591444,25635987.38602625,21743358.12685905,16711162.6321529
2016-03-01,1738069672.0882628,1952379.5270063225,419661.21800657426,683688046.1964574,35187405.7598756,4782440.614327323,213540796.7263191,74791869.0975889,108740507.60947779,3593710.3097201586,45648363.37708929,73628397.64971064,7202925.492166617,47767341.794171505,25501211.287778802,21701722.555363305,16867273.40340519
2016-04-01,1741376023.6687827,1938735.3023092004,408886.0164733002,685432697.0746228,35294042.08874748,4777994.971664229,212333679.87266412,75421998.34696649,107738444.23465212,3510746.0401323116,45983463.10752357,73648928.71641581,7210053.869994648,47645903.11239198,25400645.10327774,21633567.431604866,17020200.08567334
2016-05-01,1745154637.7173312,1941991.022132469,398948.6898785654,687367718.3086412,35427632.73149695,4762521.497423271,211096164.92543983,76091977.30922686,106675186.65539627,3427328.984191755,46335473.9610433,73645338.90636122,7198786.571270487,47514575.8920722,25344468.506415818,21550990.9017044,17151475.915773977
2016-06-01,1749570147.4216294,1958929.699949508,389191.147760115,689567633.0155365,35592265.39374789,4739217.286451025,209877525.00365397,76828671.11737683,105526733.42625162,3339284.2000601655,46713859.940928645,73619393.64299038,7170887.520591785,47354958.77153397,25327185.4641666,21455508.804782312,17266691.76529855
2016-07-01,1754254140.1098828,1985171.381011421,380247.1188094215,691838363.3337426,35772706.39019817,4713633.606651384,208882519.2520798,77567512.44367343,104412055.20902921,3253618.894344401,47080804.68438686,73574685.80144034,7130564.147076441,47168116.05193278,25348234.984328274,21360001.88244948,17355388.71491107
2016-08-01,1759431607.5457938,2019031.476207497,371524.7324071661,694276812.9858959,35976166.783385046,4688293.539167015,208176588.06943503,78339957.24539264,103303722.51573947,3166008.241887794,47446767.78736069,73510239.60305496,7077643.303669362,46931945.338305,25407269.441675965,21265123.94766417,17420319.044170454
2016-09-01,1764863241.6872272,2056255.4849916052,363335.11385900364,696753428.2369877,36192013.31258803,4668365.829209689,207932115.3073454,79103432.67996855,102287255.38269947,3080731.5933294096,47785068.19900616,73429283.76888482,7015840.9301818125,46642163.8172039,25502418.75667263,21181257.103859514,17454875.435448837
2016-10-01,1770277203.269596,2092158.3538817924,355921.1986203777,699133770.4730619,36408027.39478701,4658326.485283766,208262421.981091,79816513.90916276,101436415.81926428,3001769.5662391395,48072565.46268689,73337160.11592399,6950009.728339628,46301350.412247576,25627190.448646136,21117374.126486767,17456338.18232717
2016-11-01,1775947148.6495419,2125699.572955898,348793.12365277373,701522050.8779457,36633791.631569125,4661734.877590163,209321302.65107736,80508939.55044429,100741363.58103,2925244.2207020116,48314422.67569369,73229731.8114222,6878276.029199257,45877138.01611532,25788151.703825723,21076237.091501504,17421643.950848754
2016-12-01,1781423733.8213582,2151428.055771022,342414.9746056743,703712038.9643965,36850128.36508188,4682418.880272856,211166579.64970562,81118998.28683597,100291817.65297475,2857419.573738147,48481631.78277445,73115848.70091204,6807675.303714837,45387661.59290425,25973241.89791742,21067220.60748644,17350005.43980683
2017-01-01,1786984790.0476499,2167625.0,336365.93952,705795255.6396,37066641.706999995,4725986.08664,214053045.55904,81669560.56962,100104690.69972001,2795160.177441,48571336.670779996,72989923.32114,6736015.914700001,44790643.16740999,26193049.450625002,21096744.516620997,17233485.89805
2017-02-01,1792366663.2157047,2170646.3520178506,330875.5531637439,707646296.3512226,37271755.91865846,4794915.817340227,218003732.94903517,82125711.5633626,100231464.57139553,2741964.330027692,48567820.17097789,72857797.36834124,6667639.749810118,44099330.04444214,26439276.234813422,21170811.86606337,17072111.12373425
2017-03-01,1797037167.897204,2162727.3811877896,326415.20971159823,709096515.7789398,37445782.32448611,4876420.396053475,222329031.6468513,82461275.23992684,100590974.00751925,2701653.154511838,48495071.508530706,72735433.0258723,6608418.753637903,43419631.50458163,26679511.65641397,21273444.85384066,16891489.456502527
2017-04-01,1801965448.2008564,2143752.351057773,322053.0588090758,710437803.6051264,37625034.50952062,4983716.482458432,227718814.8568064,82757954.86616676,101217857.28026298,2665243.933331616,48354373.27351045,72599297.29296455,6544787.913423005,42642252.64575512,26959064.70455919,21421840.077518925,16658474.119544692
2017-05-01,1806460639.9972978,2116740.7116016666,318431.70841412817,711452695.1734729,37784109.66958691,5100415.908385455,233301650.8006039,82979879.17206573,102011547.32296722,2637893.740963877,48174718.977670535,72469551.26594104,6484280.449463726,41901051.9582416,27237080.64346494,21595487.72322598,16405415.109950999
2017-06-01,1810788942.749246,2081562.8008096002,315335.0341139443,712188904.9969269,37932579.417195275,5229808.393841445,239199274.26406422,83152197.05554669,102980145.92138742,2617415.0235239463,47961962.80889851,72340386.01226859,6421937.9783543395,41185038.483521804,27525572.926094875,21800895.337739833,16121315.790346522
2017-07-01,1814639063.3009894,2042087.7900279313,312987.03808108397,712579843.926608,38059875.8664625,5359247.873881191,244791452.81599617,83273702.26734433,104018268.83472101,2604780.360575188,47746899.34988362,72222854.05571248,6360897.592109953,40577185.46413372,27799687.15052264,22019958.688982893,15830127.841839176
2017-08-01,1818234196.3655996,1997355.1258250873,311256.4861935421,712631629.6328865,38173452.04917894,5492873.405452447,250200544.08276245,83362849.09910817,105150313.3734321,2598783.2335275253,47533022.17763505,72111960.735104,6296165.3791725,40075391.786099784,28071176.65541336,22262213.03743558,15518312.697793132
2017-09-01,1821405691.7349212,1950314.5311628322,310258.7637625437,712305185.4104435,38267719.92795105,5621804.37881826,254979524.7615329,83425514.19656093,106297102.37049586,2599590.3357186415,47345760.49718929,72014684.21067497,6228809.143663653,39741042.35097658,28324083.63890225,22515464.68423376,15201367.849254047
2017-10-01,1824039121.2991552,1904211.1248889947,310015.46002943383,711609844.8361995,38339562.76755507,5737761.048611369,258762020.4592831,83470963.64696574,107377571.4909609,2606497.4757865644,47207136.95219708,71936259.80610143,6160232.542750124,39614090.59114481,28544828.707170766,22766112.367873877,14895447.346739648
2017-11-01,1826276567.0388725,1857642.4605391906,310535.65369219077,710479306.9469299,38392736.69247046,5843983.617763086,261549743.27876386,83512581.3578792,108418941.12576677,2619600.922008996,47125741.11393577,71874300.03034684,6084939.250562567,39724495.476597324,28741607.255140074,23025796.97099613,14586030.453346968
2017-12-01,1827941629.7991505,1815212.5967860818,311810.0006031844,708967417.9300588,38422821.93440711,5929320.854638148,262923099.54000822,83557593.34923397,109311132.1285376,2637706.6627452765,47123892.70506166,71835521.56989147,6006901.895959844,40101912.936312616,28895481.89602321,23272912.52032241,14298702.242041213
2018-01-01,1829111833.77363,1775763.99,313948.75617,706953440.25952,38430790.778,5994971.6666399995,262723192.04999998,83619354.36465,110068813.0157,2661657.539651,47219299.63926,71820179.99664,5919993.43616,40809926.55492,29010189.996249,23518864.422872003,14020181.462
2018-02-01,1829730689.1468534,1742148.7902040542,316930.1070063079,704474021.4574131,38416005.08413946,6034433.074573451,260736837.89210078,83703818.96979588,110621625.08543545,2690300.093005019,47425437.37876114,71838271.88976894,5826194.205517923,41866282.44964225,29076080.370539524,23750557.612855222,13764614.704586662
2018-03-01,1829960921.1701736,1716854.1203702062,320292.26607023546,701874984.1175383,38389620.73614959,6048994.382119175,257662891.29988906,83794762.14828469,110938030.22053127,2718794.513560248,47695993.27221216,71908132.50172316,5736501.077185451,43095069.22525162,29099761.02794894,23945093.179832276,13551495.553113924
2018-04-01,1830052608.1886795,1694202.2893457357,324677.2842141355,698657478.6036166,38354919.144753784,6044571.207996252,253233907.17814234,83903131.06933334,111085529.38721064,2751434.1005363395,48070977.11770517,72077319.38730466,5633148.749506462,44718933.43468274,29095784.410505533,24141838.165374506,13331305.404648436
2018-05-01,1830176656.5745602,1677382.3874014188,329506.2572441868,695261050.7407616,38324684.359316796,6022500.653014026,248308668.592082,84007239.87305781,111025056.15221883,2782320.099996668,48491569.22583713,72365183.01365602,5530518.210750759,46513745.60739621,29071102.90281038,24311298.035774495,13130180.465598684
2018-06-01,1830553496.1485417,1665001.0433884752,335018.24531245185,691520662.567481,38306344.1060136,5984265.666959811,242972336.37238494,84105002.75194205,110752261.76262517,2811595.838305871,48966820.78415527,72825355.08423457,5423304.8111741105,48556182.22099192,29034088.13743003,24462319.065369774,12930643.217011184
2018-07-01,1831361899.0434208,1657596.6465832295,340778.3098912655,687736393.9084767,38310121.046139754,5935160.966299279,237965011.36717007,84181472.15110831,110284442.22156887,2835538.7675062995,49447894.377369806,73461114.59955086,5319897.165704255,50673333.95973081,28996716.730120827,24582811.76015023,12741671.907800427
2018-08-01,1832867918.7138553,1654403.526179505,347087.58390260715,683717350.7491791,38345710.35424107,5874867.224441186,233366381.97917047,84232719.63606997,109590092.35571484,2853829.342611928,49947873.29203344,74349286.32232653,5214938.817482684,52963366.605614476,28966514.320141654,24678357.916078746,12546599.26100219
2018-09-01,1835271240.946996,1655465.0747446986,353675.6911203561,679650291.4876584,38423103.77066239,5807867.422602593,229773084.13656685,84246566.59818438,108681025.77298096,2863616.5750281545,50431469.21355258,75507474.16241805,5113470.3628034005,55313703.41456193,28955045.847766317,24741975.075830884,12347591.66362857
2018-10-01,1838656704.2717054,1660280.122636864,360236.5669891631,675728120.183351,38546942.45788863,5739502.861852385,227653079.69877392,84215621.38438652,107596538.03360143,2863137.8332371637,50865490.714073226,76918722.21445823,5020085.720639175,57604049.211631835,28971478.465208963,24770767.427794676,12147319.143608171
2018-11-01,1843462166.171298,1668897.6286963196,367124.73185034085,671750749.3120011,38734925.706938975,5668170.224926671,227278545.1063531,84128794.58599223,106264012.75101978,2850445.4608535045,51259884.273968525,78711554.4769503,4930096.6343518775,59944116.04938115,29026924.746711973,24764203.411745243,11928361.009922799
2018-12-01,1849580681.2091768,1680501.21767859,373816.4615766816,668033547.9046373,38983964.98540874,5601299.560605418,229069465.23147002,83983047.6595611,104769115.66340668,2824524.529964229,51571029.1230082,80803271.87350723,4850780.472850576,62141792.66212545,29127396.07920051,24720360.310810823,11700948.471815843
2019-01-01,1857632310.3162,1695592.4178300002,380675.0001,664390093.0968,39320106.2904,5537387.14472,233558744.81888,83759637.7489,103011869.76099001,2781731.238244,51800679.9648,83367763.0256,4778386.878208,64300613.1568,29289607.61792,24633864.20124,11445851.50373
2019-02-01,1867547402.8551762,1713492.3925555854,387401.5984696639,660993782.0405384,39742299.43717537,5481300.343417367,240982594.49449435,83456661.35015695,101051626.6780312,2721528.013935361,51923881.70533571,86353899.36385477,4716607.983739341,66310850.55424024,29517114.716373526,24505204.681340273,11167801.176474484
2019-03-01,1877832836.992183,1731567.5889850243,393332.0914663698,658124330.9908268,40190635.970700674,5438035.63378657,249871173.8610732,83121799.92955838,99161394.52642715,2653887.412757579,51953142.11710267,89347810.9003702,4668472.427769725,67999492.70031832,29769796.536224853,24359727.718614265,10900129.042340009
2019-04-01,1890287313.1809144,1753067.0797737448,399711.16253333003,655135725.7685496,40750016.60248142,5398633.940390192,261594155.00236654,82694682.59652747,97009467.49988315,2566966.831673293,51911144.24178591,92896454.85954453,4621411.640565122,69737726.94145699,30087881.619753864,24176067.134576354,10590556.460496044
2019-05-01,1903006609.9960032,1774743.9323225406,405671.66286029905,652401114.3886069,41343341.87210664,5369315.073230938,274292690.3927508,82236199.29677561,94940323.78444184,2473434.569471778,51812306.59244141,96471115.19995637,4579874.516437577,71297720.23285581,30420286.61537911,23985425.71416152,10282767.55103533
2019-06-01,1916410307.2481916,1797383.586697827,411583.33616928617,649705287.029222,41998360.03434355,5348454.115800005,288247896.73191756,81727817.12087017,92893535.75650507,2369857.772164855,51667386.41330433,100210127.36988145,4538709.923375582,72793338.52843642,30774462.749212272,23785459.273264546,9961611.627412625
2019-07-01,1929223601.49028,1818893.955877299,417038.34284343506,647190673.1054822,42661510.14760417,5337712.50846249,302018174.1540541,81213852.84236328,91075353.67586526,2265601.5558245583,51502337.786388755,103776566.17737453,4498293.545573817,74137534.67139131,31113480.052619413,23598990.72248619,9652947.349235194
2019-08-01,1941872339.0281432,1840049.3810360811,422372.7270279001,644656729.2926904,43365195.45623138,5336703.818697701,315956088.82763547,80672074.81990531,89442080.69457763,2156518.136186788,51323503.89075843,107308218.96851665,4453548.967442486,75429788.13907912,31445230.572231006,23423954.06903031,9341565.67204334
2019-09-01,1953484314.7791452,1859444.7788942487,427371.6210690784,642154891.4975182,44075612.77403517,5346286.60497749,329023132.87855756,80131669.98823592,88137133.75406435,2048909.1315079143,51153881.338218585,110582071.1340329,4403353.493497571,76633734.48616639,31743159.10847609,23277389.400745917,9043336.110086001
2019-10-01,1963320020.5386772,1875900.3350147214,431863.09725886525,639732486.3236537,44758097.273692675,5365963.8050104575,340292262.6227135,79621649.52510515,87261906.79573159,1948887.4472035724,51015287.765340135,113408104.39862548,4347282.09754232,77724311.84362954,31985039.394098066,23172692.628399704,8772444.816348996
2019-11-01,1971606796.713778,1889853.4030353592,436118.96437679144,637195117.696392,45446341.158639885,5397376.906767277,349949301.0500464,79120044.71018848,86835566.64645514,1852587.6011453967,50915830.02145601,115874745.73884879,4279214.696110048,78784091.7697945,32172287.674541738,23113249.21109103,8516200.945335332
2019-12-01,1977399963.7977037,1899772.3208599621,439838.20901187503,634674991.8868115,46084639.89227526,5438814.83066545,356829949.4503454,78670735.06794195,86959818.5415977,1768905.2286796914,50878529.128241345,117727158.4033834,4201262.638451575,79754145.71233211,32278743.52010149,23112816.057898816,8296275.282290397
2020-01-01,1980657359.6191201,1905658.66624,443241.15784000006,631971198.11116,46703739.9603,5493369.7796,360827465.39063,78255799.2661,87720461.2316,1695064.135134,50918244.78034,118988861.32878,4105847.13032,80709010.33524,32296794.880218,23181729.535866,8103374.6904299995
2020-02-01,1980890655.8397596,1906646.954066856,446181.62975261844,629161738.685592,47275491.83637744,5559809.740264947,361246706.85155195,77901978.60131143,89176699.35343601,1636263.9450604918,51052167.98459023,119520687.45004417,3993749.0194753306,81622256.60731007,32210965.095699646,23328724.397806,7949881.437935186
2020-03-01,1978796675.753572,1903450.3949401667,448546.27958876034,626536135.9182961,47782282.411052495,5631355.052880206,358590195.31295335,77631643.77775261,91125474.06133424,1594578.6176497857,51265445.872257195,119420303.66139783,3875348.0117389252,82433144.74907474,32043214.93762795,23533340.095355917,7842582.606279966
2020-04-01,1974720397.7377014,1896163.3289200084,450708.74637686886,623865411.2617761,48315428.57570175,5716045.9063519,352850200.3374032,77411972.10791652,93764387.83396438,1563318.1488421836,51587520.57386974,118774828.11029986,3736808.750608367,83244127.29539946,31781830.66439849,23817112.42160206,7766399.578648635
2020-05-01,1969584098.4159858,1885824.5200846484,452488.2864224361,621544186.1241182,48843757.44248402,5804304.857752687,344790891.07387555,77271920.2889223,96795676.59495771,1545236.3084003106,51991800.04584061,117718929.8808178,3593387.5164439213,83964879.64458871,31459253.068279453,24149219.980022155,7730297.302675165
2020-06-01,1963696805.3888943,1872294.8598658622,454052.33795838093,619554593.1169131,49424501.84034466,5900136.814102227,334243650.5538322,77206740.70406887,100348250.27052797,1538161.159613945,52505261.42561507,116285990.66955245,3438088.1912322743,84633796.32699494,31065719.224078983,24544930.052801944,7731582.421142794
2020-07-01,1958061924.597106,1856973.8413551783,455346.7090509587,618156018.6770542,50041263.73283907,5995560.42443292,322241845.6137179,77225031.34812348,104122864.81711191,1541624.0261570709,53094802.2683994,114667793.9001919,3283385.648143313,85198478.84007491,30637858.36182964,24972133.751913074,7769897.741634747
2020-08-01,1952955244.8764174,1839390.2086726832,456506.49333622196,617392105.4626517,50757171.48396006,6095058.239693087,308354026.2398884,77332600.76858826,108297985.21329597,1554889.285118466,53799750.46969312,112860234.70001167,3121531.6819020896,85686917.05844042,30158888.671930876,25452438.10225403,7847511.080031954
2020-09-01,1949238460.8137097,1820585.1066714916,457535.23372981005,617459766.0565821,51575326.416539095,6193554.292336417,293330606.78232884,77534957.27248645,112677918.4153612,1577017.9856678874,54602050.02382764,111020509.05967247,2960257.6960652038,86068915.84029022,29654402.88099033,25965254.140881326,7963477.315276601
2020-10-01,1947595371.9220505,1801756.0181091884,458453.24567459984,618449478.5168246,52485743.065354116,6286100.832092218,278067348.9482542,77825477.20923194,117040757.04543296,1605936.7302369755,55471184.76238781,109309930.00640047,2807220.861525637,86327903.40562466,29153259.56413601,26485831.67939961,8111942.474789285
2020-11-01,1948567886.4972475,1782197.815769087,459370.5321967917,620564104.6281637,53571126.778152674,6376988.605203815,261915372.53109005,78228117.74583973,121604181.02099702,1642606.9544495735,56465122.17392487,107718233.84854376,2654784.0202450687,86471489.96587248,28633791.41479376,27042002.66533452,8302517.697052323
2020-12-01,1952716842.247573,1763698.9309440907,460274.6281377219,623798242.4972639,54782522.1433329,6458555.240267351,246269640.23161137,78721294.93375695,126003730.15010338,1683737.6998507003,57519761.35998302,106447446.39344157,2515237.3690107362,86481169.28443626,28140752.456876222,27591305.893679947,8522633.524887946
2021-01-01,1960970283.7782998,1745576.25,461274.60879,628504382.2695,56222699.7564,6534359.48988,230455773.54555,79342476.42341,130459531.71684,1731104.535453,58705436.77228,105516623.38932,2381843.095338,86347931.02295999,27653015.674405,28163488.357950002,8786677.808
2021-02-01,1973917059.0509892,1729021.8425183801,462391.01772771415,634736208.1436901,57876740.07481449,6599633.60220865,215375804.25332463,80081716.3141937,134749076.5318728,1782433.8669531643,59988591.18588433,105079868.1650746,2262037.219573857,86059290.42188297,27199306.784164917,28733328.956801362,9087621.972689038
2021-03-01,1990201681.3512678,1715887.6043444215,463541.1670613319,641793295.0848844,59573342.49811464,6647934.136100797,202701060.4233518,80854812.57371546,138418065.1957227,1831375.7195503756,61231376.16000937,105198729.51631531,2167697.334049289,85656759.26222529,26828788.06835448,29240136.813276842,9390913.862012502
2021-04-01,2013930103.6409647,1703879.5961100555,465017.6933852703,651317390.9531511,61696891.114462376,6687833.29924033,190064356.4857747,81831770.89913815,142183471.4121854,1887503.1618796862,62700126.57856418,105996868.17845741,2081034.9995869938,85044944.84135765,26473173.01857614,29786010.25964635,9761273.47587978
2021-05-01,2043205103.4192953,1695308.8357922467,466695.5355242725,662374231.7308602,64017845.850560635,6711102.42830988,179577243.27254483,82902607.25050932,145462056.04783624,1942858.118203163,64214382.17263235,107533319.55782634,2017364.937823377,84277581.14843652,26194654.293310493,30292596.695486583,10154008.819242701
2021-06-01,2080629794.8933976,1690154.0847239404,468735.3518508193,675837821.0906265,66712947.92664246,6717413.775507024,170909250.21847698,84143299.88915226,148399215.42053276,2000164.4382616067,65875118.487798944,110014288.65827957,1975007.775571846,83293854.97767353,25986406.22542258,30786795.328144625,10595015.709506927
2021-07-01,2124413262.4232302,1689274.5192772797,471052.255928547,690970565.9617972,69629389.13347486,6704561.513035286,164972502.38801765,85478196.98896345,150735409.63528425,2054799.8025777251,67575215.34150307,113379048.68984602,1959151.7948435727,82147989.94608489,25873104.123892535,31230143.168954834,11055567.80768817
2021-08-01,2178125851.3993654,1693161.6471099546,473849.5102591851,708918196.9565519,72983609.78933981,6669809.800322827,161739886.90816644,87000880.86116228,152553208.98188835,2109440.088091829,69428037.69663885,117955691.89986306,1971305.2278543212,80753939.42530447,25858936.763167787,31645323.518928967,11566082.048179977
2021-09-01,2241109087.018143,1702482.5743502476,477106.09549975325,729353290.5646838,76706349.95489563,6611325.235101278,161831583.62766808,88673868.3590135,153690589.8368671,2161252.016652069,71378515.92546701,123755564.03124294,2015071.794139037,79136642.54234794,25961302.69711771,32009868.190507486,12111482.841900162
2021-10-01,2311517928.880646,1717208.926036812,480742.20177457505,751630048.7687596,80681182.2613605,6530312.022655472,165442288.10752505,90440438.72292534,154072616.47941673,2207764.3162515787,73359081.26136775,130633447.70793068,2090008.995342241,77349612.10013911,26182685.187993597,32307789.941440627,12672229.41137208
2021-11-01,2394697747.3329577,1738872.6043028848,485049.0383985195,777370469.7364856,85195106.43365858,6419490.25908196,173181384.2954248,92422952.48172385,153651581.36118805,2251111.326182894,75501796.56604837,139151643.42027172,2203677.942475129,75264057.10960385,26549585.31640327,32552077.00008168,13285418.322408658
2021-12-01,2485905683.05902,1766602.5642732284,489795.45956119685,805044906.7450819,89977970.90151064,6284211.091472695,184902475.36923498,94497898.38219863,152384602.29628232,2287571.3276220844,77668446.23826957,148859925.8872053,2351200.716943425,73005286.91806616,27049572.056081843,32720389.705120903,13911214.718556412
2022-01-01,2591873712.66249,1802797.6153000002,495346.69557000004,836635203.21589,95370644.20060001,6113576.8855800005,201755637.71624,96808195.32228,150114038.02252,2318608.5066509997,80003498.76216,160509288.85176003,2544977.467976,70413061.21983,27727720.104224,32817075.681852,14591051.82074
