,"A. 농업, 임업 및 어업 ,광업",C. 제조업,"D. 전기, 가스, 증기 및 공기조절 공급업",F. 건설업,G. 도매 및 소매업,H. 운수 및 창고업,I. 숙박 및 음식점업,J. 정보통신업,K. 금융 및 보험업,L. 부동산업,"M. 전문, 과학 및 기술 서비스업","N. 사업시설 관리, 사업 지원 및 임대 서비스업",P. 교육 서비스업,Q. 보건업 및 사회복지 서비스업,"R. 예술, 스포츠 및 여가관련 서비스업","S. 협회 및 단체, 수리 및 기타 개인 서비스업"
2007-01-01,0.0,0.0,0.0,0.0,0.0,0.0,0.0,0.0,0.0,0.0,0.0,0.0,0.0,0.0,0.0,0.0
2007-02-01,0.0,0.0,0.0,0.0,0.0,0.0,0.0,0.0,0.0,0.0,0.0,0.0,0.0,0.0,0.0,0.0
2007-03-01,0.0,0.0,0.0,0.0,0.0,0.0,0.0,0.0,0.0,0.0,0.0,0.0,0.0,0.0,0.0,0.0
2007-04-01,0.0,0.0,0.0,0.0,0.0,0.0,0.0,0.0,0.0,0.0,0.0,0.0,0.0,0.0,0.0,0.0
2007-05-01,0.0,0.0,0.0,0.0,0.0,0.0,0.0,0.0,0.0,0.0,0.0,0.0,0.0,0.0,0.0,0.0
2007-06-01,0.0,0.0,0.0,0.0,0.0,0.0,0.0,0.0,0.0,0.0,0.0,0.0,0.0,0.0,0.0,0.0
2007-07-01,0.0,0.0,0.0,0.0,0.0,0.0,0.0,0.0,0.0,0.0,0.0,0.0,0.0,0.0,0.0,0.0
2007-08-01,0.0,0.0,0.0,0.0,0.0,0.0,0.0,0.0,0.0,0.0,0.0,0.0,0.0,0.0,0.0,0.0
2007-09-01,0.0,0.0,0.0,0.0,0.0,0.0,0.0,0.0,0.0,0.0,0.0,0.0,0.0,0.0,0.0,0.0
2007-10-01,0.0,0.0,0.0,0.0,0.0,0.0,0.0,0.0,0.0,0.0,0.0,0.0,0.0,0.0,0.0,0.0
2007-11-01,0.0,0.0,0.0,0.0,0.0,0.0,0.0,0.0,0.0,0.0,0.0,0.0,0.0,0.0,0.0,0.0
2007-12-01,0.0,0.0,0.0,0.0,0.0,0.0,0.0,0.0,0.0,0.0,0.0,0.0,0.0,0.0,0.0,0.0
2008-01-01,0.0,0.0,0.0,0.0,0.0,0.0,0.0,0.0,0.0,0.0,0.0,0.0,0.0,0.0,0.0,0.0
2008-02-01,0.0,0.0,0.0,0.0,0.0,0.0,0.0,0.0,0.0,0.0,0.0,0.0,0.0,0.0,0.0,0.0
2008-03-01,0.0,0.0,0.0,0.0,0.0,0.0,0.0,0.0,0.0,0.0,0.0,0.0,0.0,0.0,0.0,0.0
2008-04-01,0.0,0.0,0.0,0.0,0.0,0.0,0.0,0.0,0.0,0.0,0.0,0.0,0.0,0.0,0.0,0.0
2008-05-01,0.0,0.0,0.0,0.0,0.0,0.0,0.0,0.0,0.0,0.0,0.0,0.0,0.0,0.0,0.0,0.0
2008-06-01,0.0,0.0,0.0,0.0,0.0,0.0,0.0,0.0,0.0,0.0,0.0,0.0,0.0,0.0,0.0,0.0
2008-07-01,0.0,0.0,0.0,0.0,0.0,0.0,0.0,0.0,0.0,0.0,0.0,0.0,0.0,0.0,0.0,0.0
2008-08-01,0.0,0.0,0.0,0.0,0.0,0.0,0.0,0.0,0.0,0.0,0.0,0.0,0.0,0.0,0.0,0.0
2008-09-01,0.0,0.0,0.0,0.0,0.0,0.0,0.0,0.0,0.0,0.0,0.0,0.0,0.0,0.0,0.0,0.0
2008-10-01,0.0,0.0,0.0,0.0,0.0,0.0,0.0,0.0,0.0,0.0,0.0,0.0,0.0,0.0,0.0,0.0
2008-11-01,0.0,0.0,0.0,0.0,0.0,0.0,0.0,0.0,0.0,0.0,0.0,0.0,0.0,0.0,0.0,0.0
2008-12-01,0.0,0.0,0.0,0.0,0.0,0.0,0.0,0.0,0.0,0.0,0.0,0.0,0.0,0.0,0.0,0.0
2009-01-01,0.0,0.0,0.0,0.0,0.0,0.0,0.0,0.0,0.0,0.0,0.0,0.0,0.0,0.0,0.0,0.0
2009-02-01,0.0,0.0,0.0,0.0,0.0,0.0,0.0,0.0,0.0,0.0,0.0,0.0,0.0,0.0,0.0,0.0
2009-03-01,0.0,0.0,0.0,0.0,0.0,0.0,0.0,0.0,0.0,0.0,0.0,0.0,0.0,0.0,0.0,0.0
2009-04-01,0.0,0.0,0.0,0.0,0.0,0.0,0.0,0.0,0.0,0.0,0.0,0.0,0.0,0.0,0.0,0.0
2009-05-01,0.0,0.0,0.0,0.0,0.0,0.0,0.0,0.0,0.0,0.0,0.0,0.0,0.0,0.0,0.0,0.0
2009-06-01,0.0,0.0,0.0,0.0,0.0,0.0,0.0,0.0,0.0,0.0,0.0,0.0,0.0,0.0,0.0,0.0
2009-07-01,0.0,0.0,0.0,0.0,0.0,0.0,0.0,0.0,0.0,0.0,0.0,0.0,0.0,0.0,0.0,0.0
2009-08-01,0.0,0.0,0.0,0.0,0.0,0.0,0.0,0.0,0.0,0.0,0.0,0.0,0.0,0.0,0.0,0.0
2009-09-01,0.0,0.0,0.0,0.0,0.0,0.0,0.0,0.0,0.0,0.0,0.0,0.0,0.0,0.0,0.0,0.0
2009-10-01,0.0,0.0,0.0,0.0,0.0,0.0,0.0,0.0,0.0,0.0,0.0,0.0,0.0,0.0,0.0,0.0
2009-11-01,0.0,0.0,0.0,0.0,0.0,0.0,0.0,0.0,0.0,0.0,0.0,0.0,0.0,0.0,0.0,0.0
2009-12-01,0.0,0.0,0.0,0.0,0.0,0.0,0.0,0.0,0.0,0.0,0.0,0.0,0.0,0.0,0.0,0.0
2010-01-01,0.0,0.0,0.0,0.0,0.0,0.0,0.0,0.0,0.0,0.0,0.0,0.0,0.0,0.0,0.0,0.0
2010-02-01,0.0,0.0,0.0,0.0,0.0,0.0,0.0,0.0,0.0,0.0,0.0,0.0,0.0,0.0,0.0,0.0
2010-03-01,0.0,0.0,0.0,0.0,0.0,0.0,0.0,0.0,0.0,0.0,0.0,0.0,0.0,0.0,0.0,0.0
2010-04-01,0.0,0.0,0.0,0.0,0.0,0.0,0.0,0.0,0.0,0.0,0.0,0.0,0.0,0.0,0.0,0.0
2010-05-01,0.0,0.0,0.0,0.0,0.0,0.0,0.0,0.0,0.0,0.0,0.0,0.0,0.0,0.0,0.0,0.0
2010-06-01,0.0,0.0,0.0,0.0,0.0,0.0,0.0,0.0,0.0,0.0,0.0,0.0,0.0,0.0,0.0,0.0
2010-07-01,0.0,0.0,0.0,0.0,0.0,0.0,0.0,0.0,0.0,0.0,0.0,0.0,0.0,0.0,0.0,0.0
2010-08-01,0.0,0.0,0.0,0.0,0.0,0.0,0.0,0.0,0.0,0.0,0.0,0.0,0.0,0.0,0.0,0.0
2010-09-01,0.0,0.0,0.0,0.0,0.0,0.0,0.0,0.0,0.0,0.0,0.0,0.0,0.0,0.0,0.0,0.0
2010-10-01,0.0,0.0,0.0,0.0,0.0,0.0,0.0,0.0,0.0,0.0,0.0,0.0,0.0,0.0,0.0,0.0
2010-11-01,0.0,0.0,0.0,0.0,0.0,0.0,0.0,0.0,0.0,0.0,0.0,0.0,0.0,0.0,0.0,0.0
2010-12-01,0.0,0.0,0.0,0.0,0.0,0.0,0.0,0.0,0.0,0.0,0.0,0.0,0.0,0.0,0.0,0.0
2011-01-01,0.0008125264494117647,0.00018073074098360654,0.00023502869589041097,4.751447967213114e-05,2.987976032786885e-05,0.00033629806849315067,0.0003849699491803279,0.0005605278475409837,0.0001287276981967213,0.00028244841803278686,1.3010668737704917e-05,9.140430237113403e-05,0.0017861288865979382,0.0005056114474226804,0.001449347443298969,0.0010179355422680412
2011-02-01,0.0016250528988235294,0.0003614614819672131,0.00047005739178082194,9.502895934426229e-05,5.97595206557377e-05,0.0006725961369863013,0.0007699398983606558,0.0011210556950819674,0.0002574553963934426,0.0005648968360655737,2.6021337475409834e-05,0.00018280860474226805,0.0035722577731958764,0.0010112228948453608,0.002898694886597938,0.0020358710845360824
2011-03-01,0.002437579348235294,0.0005421922229508196,0.0007050860876712329,0.00014254343901639344,8.963928098360655e-05,0.001008894205479452,0.0011549098475409838,0.001681583542622951,0.00038618309459016395,0.0008473452540983606,3.9032006213114755e-05,0.0002742129071134021,0.005358386659793815,0.001516834342268041,0.004348042329896907,0.0030538066268041234
2011-04-01,0.0032501057976470587,0.0007229229639344262,0.0009401147835616439,0.00019005791868852457,0.0001195190413114754,0.0013451922739726027,0.0015398797967213116,0.0022421113901639348,0.0005149107927868852,0.0011297936721311474,5.204267495081967e-05,0.0003656172094845361,0.007144515546391753,0.0020224457896907216,0.005797389773195876,0.004071742169072165
2011-05-01,0.004062632247058823,0.0009036537049180327,0.001175143479452055,0.0002375723983606557,0.00014939880163934426,0.0016814903424657533,0.0019248497459016395,0.0028026392377049182,0.0006436384909836065,0.0014122420901639342,6.505334368852458e-05,0.0004570215118556701,0.00893064443298969,0.002528057237113402,0.007246737216494845,0.005089677711340206
2011-06-01,0.004875158696470588,0.0010843844459016393,0.0014101721753424657,0.00028508687803278687,0.0001792785619672131,0.002017788410958904,0.0023098196950819675,0.003363167085245902,0.0007723661891803279,0.0016946905081967212,7.806401242622951e-05,0.0005484258142268042,0.01071677331958763,0.003033668684536082,0.008696084659793815,0.006107613253608247
2011-07-01,0.005687685145882353,0.0012651151868852458,0.0016452008712328767,0.000332601357704918,0.00020915832229508196,0.0023540864794520545,0.0026947896442622954,0.003923694932786886,0.0009010938873770492,0.001977138926229508,9.107468116393442e-05,0.0006398301165979382,0.012502902206185567,0.0035392801319587626,0.010145432103092784,0.007125548795876288
2011-08-01,0.0065002115952941175,0.0014458459278688524,0.0018802295671232878,0.00038011583737704915,0.0002390380826229508,0.0026903845479452054,0.0030797595934426232,0.0044842227803278695,0.0010298215855737705,0.002259587344262295,0.00010408534990163934,0.0007312344189690722,0.014289031092783505,0.004044891579381443,0.011594779546391753,0.00814348433814433
2011-09-01,0.007312738044705882,0.001626576668852459,0.0021152582630136986,0.0004276303170491803,0.00026891784295081963,0.0030266826164383562,0.003464729542622951,0.005044750627868853,0.0011585492837704917,0.002542035762295082,0.00011709601863934425,0.0008226387213402062,0.016075159979381443,0.004550503026804123,0.013044126989690721,0.00916141988041237
2011-10-01,0.008125264494117646,0.0018073074098360654,0.00235028695890411,0.0004751447967213114,0.0002987976032786885,0.0033629806849315067,0.003849699491803279,0.0056052784754098365,0.001287276981967213,0.0028244841803278685,0.00013010668737704916,0.0009140430237113402,0.01786128886597938,0.005056114474226804,0.01449347443298969,0.010179355422680413
2011-11-01,0.008937790943529412,0.001988038150819672,0.0025853156547945206,0.0005226592763934426,0.0003286773636065574,0.003699278753424657,0.004234669440983607,0.006165806322950821,0.0014160046801639343,0.0031069325983606555,0.0001431173561147541,0.0010054473260824742,0.01964741775257732,0.005561725921649484,0.01594282187628866,0.011197290964948453
2011-12-01,0.009750317392941176,0.0021687688918032785,0.0028203443506849314,0.0005701737560655737,0.0003585571239344262,0.004035576821917808,0.004619639390163935,0.006726334170491804,0.0015447323783606558,0.0033893810163934425,0.00015612802485245902,0.0010968516284536084,0.02143354663917526,0.006067337369072164,0.01739216931958763,0.012215226507216494
2012-01-01,0.010562843842352941,0.002349499632786885,0.0030553730465753427,0.0006176882357377049,0.00038843688426229504,0.004371874890410959,0.005004609339344263,0.007286862018032788,0.001673460076557377,0.003671829434426229,0.00016913869359016392,0.0011882559308247424,0.023219675525773198,0.006572948816494845,0.018841516762886597,0.013233162049484536
2012-02-01,0.011375370291764705,0.0025302303737704916,0.0032904017424657535,0.000665202715409836,0.0004183166445901639,0.004708172958904109,0.005389579288524591,0.007847389865573772,0.0018021877747540983,0.003954277852459016,0.00018214936232786885,0.0012796602331958764,0.025005804412371133,0.007078560263917525,0.020290864206185567,0.014251097591752577
2012-03-01,0.012187896741176471,0.002710961114754098,0.0035254304383561647,0.0007127171950819672,0.0004481964049180328,0.00504447102739726,0.005774549237704919,0.008407917713114756,0.0019309154729508196,0.004236726270491803,0.00019516003106557375,0.0013710645355670104,0.026791933298969072,0.007584171711340206,0.021740211649484534,0.015269033134020619
2012-04-01,0.013000423190588235,0.0028916918557377047,0.0037604591342465755,0.0007602316747540983,0.0004780761652459016,0.005380769095890411,0.0061595191868852464,0.008968445560655739,0.002059643171147541,0.00451917468852459,0.00020817069980327867,0.0014624688379381444,0.02857806218556701,0.008089783158762886,0.023189559092783505,0.01628696867628866
2012-05-01,0.013812949639999999,0.0030724225967213113,0.003995487830136987,0.0008077461544262294,0.0005079559255737704,0.005717067164383562,0.006544489136065574,0.009528973408196723,0.002188370869344262,0.004801623106557376,0.0002211813685409836,0.0015538731403092784,0.03036419107216495,0.008595394606185566,0.024638906536082476,0.0173049042185567
2012-06-01,0.014625476089411765,0.003253153337704918,0.004230516526027397,0.0008552606340983606,0.0005378356859016393,0.0060533652328767125,0.006929459085245902,0.010089501255737706,0.0023170985675409835,0.005084071524590164,0.0002341920372786885,0.0016452774426804124,0.032150319958762885,0.009101006053608246,0.026088253979381443,0.01832283976082474
2012-07-01,0.015438002538823528,0.0034338840786885243,0.004465545221917808,0.0009027751137704917,0.0005677154462295082,0.0063896633013698625,0.00731442903442623,0.01065002910327869,0.0024458262657377047,0.00536651994262295,0.00024720270601639343,0.0017366817450515464,0.033936448845360824,0.009606617501030928,0.027537601422680413,0.019340775303092785
2012-08-01,0.016250528988235292,0.003614614819672131,0.00470057391780822,0.0009502895934426228,0.000597595206557377,0.006725961369863013,0.007699398983606558,0.011210556950819673,0.002574553963934426,0.005648968360655737,0.00026021337475409833,0.0018280860474226804,0.03572257773195876,0.010112228948453608,0.02898694886597938,0.020358710845360825
2012-09-01,0.017063055437647058,0.0037953455606557374,0.00493560261369863,0.000997804073114754,0.0006274749668852458,0.007062259438356164,0.008084368932786886,0.011771084798360658,0.0027032816621311473,0.005931416778688524,0.0002732240434918033,0.0019194903497938146,0.0375087066185567,0.010617840395876288,0.03043629630927835,0.021376646387628866
2012-10-01,0.017875581887058824,0.003976076301639344,0.005170631309589041,0.0010453185527868852,0.0006573547272131148,0.007398557506849314,0.008469338881967214,0.012331612645901642,0.0028320093603278686,0.006213865196721311,0.0002862347122295082,0.0020108946521649484,0.03929483550515464,0.011123451843298968,0.03188564375257732,0.022394581929896906
2012-11-01,0.01868810833647059,0.0041568070426229505,0.0054056600054794525,0.0010928330324590162,0.0006872344875409836,0.007734855575342465,0.008854308831147541,0.012892140493442625,0.00296073705852459,0.0064963136147540975,0.0002992453809672131,0.0021022989545360824,0.04108096439175258,0.011629063290721648,0.03333499119587629,0.023412517472164947
2012-12-01,0.01950063478588235,0.004337537783606557,0.005640688701369863,0.0011403475121311475,0.0007171142478688524,0.008071153643835616,0.00923927878032787,0.013452668340983609,0.0030894647567213116,0.006778762032786885,0.00031225604970491804,0.002193703256907217,0.04286709327835052,0.012134674738144328,0.03478433863917526,0.024430453014432987
2013-01-01,0.020313161235294117,0.004518268524590164,0.005875717397260274,0.0011878619918032785,0.0007469940081967213,0.008407451712328767,0.009624248729508197,0.014013196188524592,0.003218192454918033,0.007061210450819672,0.00032526671844262294,0.002285107559278351,0.04465322216494846,0.01264028618556701,0.03623368608247423,0.02544838855670103
2013-02-01,0.021125687684705883,0.00469899926557377,0.006110746093150685,0.0012353764714754098,0.0007768737685245901,0.008743749780821918,0.010009218678688526,0.014573724036065576,0.003346920153114754,0.007343658868852458,0.00033827738718032784,0.002376511861649485,0.046439351051546396,0.01314589763298969,0.037683033525773194,0.026466324098969072
2013-03-01,0.021938214134117645,0.004879730006557377,0.0063457747890410966,0.0012828909511475408,0.000806753528852459,0.009080047849315069,0.010394188627868853,0.015134251883606559,0.0034756478513114754,0.007626107286885245,0.00035128805591803274,0.002467916164020619,0.04822547993814433,0.01365150908041237,0.039132380969072164,0.027484259641237112
2013-04-01,0.02275074058352941,0.005060460747540983,0.006580803484931507,0.001330405430819672,0.0008366332891803278,0.009416345917808218,0.010779158577049181,0.015694779731147544,0.0036043755495081967,0.007908555704918031,0.0003642987246557377,0.002559320466391753,0.05001160882474227,0.01415712052783505,0.040581728412371135,0.028502195183505153
2013-05-01,0.023563267032941176,0.00524119148852459,0.006815832180821918,0.001377919910491803,0.0008665130495081967,0.009752643986301369,0.011164128526229508,0.016255307578688528,0.003733103247704918,0.00819100412295082,0.0003773093933934426,0.002650724768762887,0.051797737711340205,0.01466273197525773,0.042031075855670105,0.029520130725773194
2013-06-01,0.024375793482352942,0.005421922229508196,0.007050860876712329,0.0014254343901639343,0.0008963928098360656,0.01008894205479452,0.011549098475409837,0.01681583542622951,0.0038618309459016393,0.008473452540983606,0.0003903200621311475,0.002742129071134021,0.053583866597938144,0.015168343422680412,0.04348042329896907,0.030538066268041238
2013-07-01,0.025188319931764704,0.005602652970491803,0.00728588957260274,0.0014729488698360653,0.0009262725701639344,0.01042524012328767,0.011934068424590164,0.017376363273770495,0.0039905586440983605,0.008755900959016393,0.00040333073086885245,0.002833533373505155,0.05536999548453608,0.01567395487010309,0.04492977074226804,0.03155600181030928
2013-08-01,0.02600084638117647,0.005783383711475409,0.007520918268493151,0.0015204633495081966,0.0009561523304918032,0.010761538191780821,0.012319038373770493,0.017936891121311478,0.004119286342295082,0.00903834937704918,0.00041634139960655735,0.002924937675876289,0.05715612437113402,0.016179566317525772,0.04637911818556701,0.03257393735257732
2013-09-01,0.026813372830588236,0.005964114452459016,0.007755946964383562,0.0015679778291803278,0.000986032090819672,0.011097836260273972,0.012704008322950822,0.01849741896885246,0.004248014040491803,0.009320797795081966,0.00042935206834426225,0.003016341978247423,0.05894225325773196,0.016685177764948454,0.04782846562886598,0.03359187289484536
2013-10-01,0.027625899279999998,0.0061448451934426225,0.007990975660273974,0.0016154923088524589,0.0010159118511475409,0.011434134328767123,0.013088978272131149,0.019057946816393445,0.004376741738688524,0.009603246213114753,0.0004423627370819672,0.003107746280618557,0.0607283821443299,0.017190789212371133,0.04927781307216495,0.0346098084371134
2013-11-01,0.028438425729411763,0.006325575934426229,0.008226004356164385,0.00166300678852459,0.0010457916114754097,0.011770432397260274,0.013473948221311477,0.01961847466393443,0.004505469436885246,0.00988569463114754,0.0004553734058196721,0.003199150582989691,0.06251451103092784,0.017696400659793814,0.050727160515463915,0.03562774397938144
2013-12-01,0.02925095217882353,0.006506306675409836,0.008461033052054794,0.0017105212681967211,0.0010756713718032785,0.012106730465753425,0.013858918170491804,0.020179002511475412,0.004634197135081967,0.010168143049180327,0.000468384074557377,0.003290554885360825,0.06430063991752577,0.018202012107216493,0.052176507958762885,0.03664567952164948
2014-01-01,0.030063478628235295,0.006687037416393442,0.008696061747945205,0.0017580357478688524,0.0011055511321311476,0.012443028534246574,0.014243888119672133,0.020739530359016396,0.004762924833278688,0.010450591467213114,0.00048139474329508196,0.003381959187731959,0.06608676880412372,0.018707623554639174,0.053625855402061856,0.03766361506391752
2014-02-01,0.030876005077647057,0.006867768157377049,0.008931090443835617,0.0018055502275409834,0.0011354308924590164,0.012779326602739725,0.01462885806885246,0.02130005820655738,0.0048916525314754095,0.0107330398852459,0.0004944054120327869,0.003473363490103093,0.06787289769072165,0.019213235002061856,0.05507520284536083,0.03868155060618557
2014-03-01,0.031688531527058826,0.007048498898360655,0.009166119139726028,0.0018530647072131146,0.0011653106527868852,0.013115624671232876,0.015013828018032789,0.021860586054098363,0.005020380229672131,0.011015488303278687,0.0005074160807704918,0.003564767792474227,0.0696590265773196,0.019718846449484535,0.05652455028865979,0.03969948614845361
2014-04-01,0.032501057976470585,0.007229229639344262,0.00940114783561644,0.0019005791868852457,0.001195190413114754,0.013451922739726027,0.015398797967213116,0.022421113901639346,0.005149107927868852,0.011297936721311474,0.0005204267495081967,0.003656172094845361,0.07144515546391753,0.020224457896907216,0.05797389773195876,0.04071742169072165
2014-05-01,0.03331358442588235,0.007409960380327868,0.00963617653150685,0.001948093666557377,0.0012250701734426229,0.013788220808219178,0.015783767916393444,0.022981641749180333,0.005277835626065573,0.01158038513934426,0.0005334374182459016,0.0037475763972164952,0.07323128435051547,0.020730069344329895,0.05942324517525773,0.04173535723298969
2014-06-01,0.034126110875294116,0.007590691121311475,0.00987120522739726,0.001995608146229508,0.0012549499337704917,0.014124518876712329,0.01616873786557377,0.023542169596721316,0.005406563324262295,0.011862833557377049,0.0005464480869836066,0.0038389806995876292,0.0750174132371134,0.021235680791752577,0.0608725926185567,0.04275329277525773
2014-07-01,0.03493863732470588,0.007771421862295081,0.010106233923287671,0.002043122625901639,0.0012848296940983605,0.01446081694520548,0.0165537078147541,0.0241026974442623,0.005535291022459016,0.012145281975409835,0.0005594587557213115,0.003930385001958763,0.07680354212371134,0.02174129223917526,0.06232194006185567,0.04377122831752577
2014-08-01,0.03575116377411765,0.007952152603278688,0.010341262619178082,0.0020906371055737704,0.0013147094544262296,0.014797115013698629,0.01693867776393443,0.024663225291803283,0.005664018720655737,0.012427730393442622,0.0005724694244590164,0.004021789304329897,0.07858967101030928,0.022246903686597937,0.06377128750515464,0.04478916385979381
2014-09-01,0.03656369022352941,0.008132883344262294,0.010576291315068494,0.0021381515852459012,0.0013445892147540984,0.01513341308219178,0.017323647713114756,0.025223753139344267,0.0057927464188524585,0.012710178811475408,0.0005854800931967213,0.004113193606701031,0.08037579989690721,0.02275251513402062,0.0652206349484536,0.04580709940206185
2014-10-01,0.03737621667294118,0.008313614085245901,0.010811320010958905,0.0021856660649180325,0.0013744689750819672,0.01546971115068493,0.017708617662295083,0.02578428098688525,0.00592147411704918,0.012992627229508195,0.0005984907619344262,0.004204597909072165,0.08216192878350516,0.023258126581443297,0.06666998239175258,0.046825034944329894
2014-11-01,0.03818874312235294,0.008494344826229508,0.011046348706849316,0.0022331805445901637,0.001404348735409836,0.01580600921917808,0.01809358761147541,0.026344808834426234,0.006050201815245901,0.013275075647540982,0.0006115014306721311,0.004296002211443299,0.08394805767010309,0.02376373802886598,0.06811932983505155,0.047842970486597934
2014-12-01,0.0390012695717647,0.008675075567213114,0.011281377402739726,0.002280695024262295,0.0014342284957377049,0.016142307287671232,0.01847855756065574,0.026905336681967217,0.006178929513442623,0.01355752406557377,0.0006245120994098361,0.004387406513814434,0.08573418655670104,0.024269349476288657,0.06956867727835052,0.048860906028865975
2015-01-01,0.03981379602117647,0.00885580630819672,0.011516406098630137,0.0023282095039344262,0.0014641082560655737,0.016478605356164383,0.018863527509836067,0.0274658645295082,0.0063076572116393444,0.013839972483606557,0.000637522768147541,0.004478810816185568,0.08752031544329897,0.02477496092371134,0.07101802472164949,0.04987884157113402
2015-02-01,0.040626322470588234,0.009036537049180327,0.011751434794520548,0.002375723983606557,0.0014939880163934425,0.016814903424657534,0.019248497459016394,0.028026392377049184,0.006436384909836066,0.014122420901639343,0.0006505334368852459,0.004570215118556702,0.08930644432989691,0.02528057237113402,0.07246737216494846,0.05089677711340206
2015-03-01,0.04143884892,0.009217267790163934,0.01198646349041096,0.0024232384632786883,0.0015238677767213113,0.017151201493150685,0.019633467408196725,0.028586920224590168,0.006565112608032787,0.01440486931967213,0.0006635441056229508,0.004661619420927836,0.09109257321649485,0.0257861838185567,0.07391671960824742,0.0519147126556701
2015-04-01,0.042251375369411766,0.00939799853114754,0.01222149218630137,0.0024707529429508195,0.0015537475370491802,0.017487499561643836,0.02001843735737705,0.02914744807213115,0.006693840306229508,0.014687317737704916,0.0006765547743606557,0.00475302372329897,0.09287870210309279,0.02629179526597938,0.07536606705154639,0.052932648197938144
2015-05-01,0.04306390181882353,0.009578729272131147,0.012456520882191782,0.0025182674226229508,0.0015836272973770492,0.017823797630136987,0.02040340730655738,0.029707975919672135,0.0068225680044262296,0.014969766155737703,0.0006895654430983606,0.004844428025670104,0.09466483098969072,0.02679740671340206,0.07681541449484536,0.053950583740206184
2015-06-01,0.04387642826823529,0.009759460013114753,0.012691549578082193,0.0025657819022950816,0.001613507057704918,0.018160095698630137,0.020788377255737706,0.030268503767213118,0.006951295702622951,0.01525221457377049,0.0007025761118360655,0.004935832328041238,0.09645095987628866,0.02730301816082474,0.07826476193814433,0.054968519282474225
2015-07-01,0.044688954717647056,0.00994019075409836,0.012926578273972603,0.002613296381967213,0.0016433868180327868,0.01849639376712329,0.021173347204918036,0.0308290316147541,0.007080023400819672,0.015534662991803278,0.0007155867805737705,0.005027236630412372,0.0982370887628866,0.027808629608247423,0.0797141093814433,0.055986454824742266
2015-08-01,0.04550148116705882,0.010120921495081966,0.013161606969863014,0.002660810861639344,0.0016732665783606557,0.018832691835616436,0.021558317154098363,0.03138955946229509,0.007208751099016393,0.015817111409836063,0.0007285974493114754,0.005118640932783506,0.10002321764948453,0.0283142410556701,0.08116345682474227,0.057004390367010306
2015-09-01,0.04631400761647059,0.010301652236065573,0.013396635665753425,0.0027083253413114753,0.0017031463386885245,0.019168989904109587,0.02194328710327869,0.03195008730983607,0.007337478797213115,0.01609955982786885,0.0007416081180491803,0.00521004523515464,0.10180934653608248,0.028819852503092783,0.08261280426804124,0.05802232590927835
2015-10-01,0.04712653406588235,0.01048238297704918,0.013631664361643836,0.002755839820983606,0.0017330260990163933,0.019505287972602738,0.022328257052459017,0.032510615157377055,0.007466206495409836,0.01638200824590164,0.0007546187867868852,0.005301449537525774,0.10359547542268041,0.02932546395051546,0.08406215171134021,0.05904026145154639
2015-11-01,0.04793906051529412,0.010663113718032786,0.013866693057534248,0.0028033543006557374,0.0017629058593442621,0.01984158604109589,0.022713227001639347,0.033071143004918035,0.007594934193606557,0.016664456663934426,0.0007676294555245901,0.005392853839896908,0.10538160430927836,0.029831075397938143,0.08551149915463918,0.060058196993814435
2015-12-01,0.048751586964705884,0.010843844459016393,0.014101721753424659,0.0028508687803278686,0.0017927856196721312,0.02017788410958904,0.023098196950819674,0.03363167085245902,0.0077236618918032785,0.016946905081967212,0.000780640124262295,0.005484258142268042,0.10716773319587629,0.030336686845360825,0.08696084659793814,0.061076132536082475
2016-01-01,0.04956411341411764,0.0110245752,0.014336750449315068,0.00289838326,0.00182266538,0.02051418217808219,0.0234831669,0.0341921987,0.00785238959,0.0172293535,0.000793650793,0.005575662444639176,0.10895386208247423,0.030842298292783503,0.08841019404123711,0.062094068078350516
2016-02-01,0.05037663986352941,0.011099952849999999,0.01457177914520548,0.0038438914216666667,0.003414121323333333,0.02085048024657534,0.028118236283333334,0.04082669780833333,0.008445154524166667,0.020328151583333332,0.0028609970269166665,0.00566706674701031,0.11073999096907217,0.03134790974020618,0.08985954148453608,0.06311200362061856
2016-03-01,0.051189166312941174,0.011175330499999999,0.01480680784109589,0.004789399583333334,0.005005577266666667,0.021186778315068492,0.03275330566666666,0.04746119691666667,0.009037919458333333,0.023426949666666665,0.004928343260833333,0.005758471049381444,0.11252611985567011,0.031853521187628867,0.09130888892783505,0.06412993916288659
2016-04-01,0.05200169276235294,0.01125070815,0.015041836536986302,0.005734907745,0.0065970332100000004,0.021523076383561643,0.03738837505,0.054095696025,0.0096306843925,0.02652574775,0.00699568949475,0.005849875351752578,0.11431224874226804,0.032359132635051545,0.09275823637113402,0.06514787470515464
2016-05-01,0.052814219211764706,0.0113260858,0.015276865232876713,0.006680415906666667,0.008188489153333334,0.021859374452054794,0.042023444433333335,0.06073019513333333,0.010223449326666667,0.02962454583333333,0.009063035728666667,0.005941279654123712,0.11609837762886598,0.03286474408247422,0.09420758381443299,0.06616581024742269
2016-06-01,0.05362674566117647,0.01140146345,0.015511893928767125,0.007625924068333334,0.009779945096666666,0.022195672520547945,0.046658513816666664,0.06736469424166666,0.010816214260833333,0.03272334391666666,0.011130381962583334,0.006032683956494846,0.11788450651546392,0.03337035552989691,0.09565693125773196,0.06718374578969072
2016-07-01,0.05443927211058824,0.0114768411,0.015746922624657534,0.00857143223,0.01137140104,0.022531970589041096,0.05129358319999999,0.07399919334999999,0.011408979195,0.035822142,0.013197728196500001,0.00612408825886598,0.11967063540206185,0.03387596697731959,0.09710627870103093,0.06820168133195877
2016-08-01,0.055251798559999996,0.011552218749999999,0.015981951320547947,0.009516940391666668,0.012962856983333333,0.022868268657534246,0.055928652583333335,0.08063369245833334,0.012001744129166667,0.03892094008333333,0.015265074430416668,0.006215492561237114,0.1214567642886598,0.034381578424742265,0.0985556261443299,0.0692196168742268
2016-09-01,0.05606432500941176,0.011627596399999999,0.016216980016438357,0.010462448553333333,0.014554312926666667,0.023204566726027397,0.060563721966666664,0.08726819156666667,0.012594509063333334,0.04201973816666667,0.017332420664333333,0.006306896863608248,0.12324289317525773,0.03488718987216494,0.10000497358762886,0.07023755241649485
2016-10-01,0.05687685145882353,0.011702974049999999,0.01645200871232877,0.011407956715,0.01614576887,0.023540864794520548,0.06519879135,0.093902690675,0.0131872739975,0.045118536249999994,0.01939976689825,0.006398301165979382,0.12502902206185568,0.03539280131958763,0.10145432103092783,0.07125548795876288
2016-11-01,0.05768937790823529,0.0117783517,0.01668703740821918,0.012353464876666668,0.017737224813333334,0.0238771628630137,0.06983386073333332,0.10053718978333334,0.013780038931666667,0.048217334333333334,0.021467113132166666,0.006489705468350516,0.1268151509484536,0.03589841276701031,0.1029036684742268,0.07227342350103093
2016-12-01,0.05850190435764706,0.01185372935,0.01692206610410959,0.013298973038333335,0.019328680756666668,0.02421346093150685,0.07446893011666667,0.10717168889166667,0.014372803865833334,0.05131613241666666,0.02353445936608333,0.00658110977072165,0.12860127983505154,0.036404024214432985,0.10435301591752577,0.07329135904329896
2017-01-01,0.059314430807058824,0.011929107,0.0171570948,0.0142444812,0.0209201367,0.024549759,0.0791039995,0.113806188,0.0149655688,0.0544149305,0.0256018056,0.006672514073092784,0.1303874087216495,0.03690963566185567,0.10580236336082474,0.07430929458556701
2017-02-01,0.06012695725647059,0.01973716975,0.016174058465000002,0.017822875141666666,0.027660778975,0.02542433461666667,0.08066054536666666,0.11861411533333334,0.0148585004,0.05857104270833333,0.02430593215833333,0.006763918375463918,0.13217353760824743,0.03741524710927835,0.10725171080412371,0.07532723012783504
2017-03-01,0.06093948370588235,0.027545232500000003,0.01519102213,0.021401269083333334,0.03440142125,0.026298910233333334,0.08221709123333333,0.12342204266666666,0.014751432,0.06272715491666667,0.023010058716666667,0.006855322677835052,0.13395966649484536,0.03792085855670103,0.10870105824742268,0.07634516567010309
2017-04-01,0.061752010155294114,0.03535329525,0.014207985795000001,0.024979663025,0.041142063525,0.02717348585,0.08377363709999999,0.12822997,0.0146443636,0.066883267125,0.021714185275,0.006946726980206186,0.1357457953814433,0.03842647000412371,0.11015040569072165,0.07736310121237114
2017-05-01,0.06256453660470589,0.043161358000000004,0.01322494946,0.02855805696666667,0.0478827058,0.028048061466666666,0.08533018296666667,0.13303789733333332,0.0145372952,0.07103937933333333,0.020418311833333334,0.00703813128257732,0.13753192426804123,0.03893208145154639,0.11159975313402062,0.07838103675463917
2017-06-01,0.06337706305411765,0.05096942075,0.012241913125,0.032136450908333336,0.054623348075,0.028922637083333334,0.08688672883333333,0.13784582466666667,0.0144302268,0.07519549154166666,0.019122438391666666,0.007129535584948454,0.1393180531546392,0.03943769289896907,0.11304910057731958,0.07939897229690722
2017-07-01,0.0641895895035294,0.058777483500000005,0.01125887679,0.035714844850000003,0.06136399035,0.0297972127,0.08844327469999999,0.142653752,0.014323158400000001,0.07935160375,0.01782656495,0.007220939887319588,0.14110418204123712,0.03994330434639175,0.11449844802061855,0.08041690783917525
2017-08-01,0.06500211595294117,0.06658554625,0.010275840455,0.03929323879166667,0.068104632625,0.030671788316666667,0.08999982056666667,0.14746167933333332,0.01421609,0.08350771595833334,0.016530691508333334,0.007312344189690722,0.14289031092783505,0.04044891579381443,0.11594779546391752,0.0814348433814433
2017-09-01,0.06581464240235294,0.074393609,0.00929280412,0.04287163273333334,0.07484527490000001,0.031546363933333335,0.09155636643333333,0.15226960666666667,0.0141090216,0.08766382816666667,0.015234818066666666,0.0074037484920618565,0.14467643981443298,0.04095452724123711,0.11739714290721649,0.08245277892371133
2017-10-01,0.0666271688517647,0.08220167175,0.008309767785,0.046450026675,0.081585917175,0.03242093955,0.0931129123,0.157077534,0.0140019532,0.09181994037499999,0.013938944625,0.0074951527944329905,0.14646256870103094,0.04146013868865979,0.11884649035051546,0.08347071446597938
2017-11-01,0.06743969530117647,0.0900097345,0.007326731449999999,0.050028420616666666,0.08832655945000001,0.033295515166666664,0.09466945816666666,0.1618854613333333,0.0138948848,0.09597605258333333,0.012643071183333333,0.0075865570968041245,0.14824869758762887,0.041965750136082475,0.12029583779381443,0.08448865000824742
2017-12-01,0.06825222175058823,0.09781779725,0.006343695114999999,0.053606814558333334,0.095067201725,0.034170090783333336,0.09622600403333334,0.16669338866666666,0.0137878164,0.10013216479166667,0.011347197741666665,0.0076779613991752585,0.1500348264742268,0.04247136158350515,0.1217451852371134,0.08550658555051546
2018-01-01,0.0690647482,0.10562586,0.00536065878,0.0571852085,0.101807844,0.0350446664,0.0977825499,0.171501316,0.013680748,0.104288277,0.0100513243,0.0077693657015463925,0.15182095536082474,0.04297697303092783,0.12319453268041237,0.0865245210927835
2018-02-01,0.07635386468333333,0.10496696820833333,0.013958791465000002,0.0538535733,0.10195178433333332,0.041291998616666666,0.094811943825,0.17412373599999997,0.03477214683333333,0.09784209118333333,0.011128639141666665,0.007860770003917526,0.15360708424742267,0.04348258447835052,0.12464388012371135,0.08754245663505154
2018-03-01,0.08364298116666667,0.10430807641666667,0.02255692415,0.050521938100000004,0.10209572466666667,0.04753933083333334,0.09184133775,0.176746156,0.05586354566666666,0.09139590536666667,0.012205953983333333,0.00795217430628866,0.15539321313402063,0.043988195925773195,0.1260932275670103,0.08856039217731959
2018-04-01,0.09093209765,0.103649184625,0.031155056835,0.0471903029,0.102239665,0.05378666305,0.08887073167500001,0.179368576,0.07695494449999998,0.08494971955,0.013283268825,0.008043578608659794,0.15717934202061856,0.04449380737319587,0.12754257501030927,0.08957832771958762
2018-05-01,0.09822121413333333,0.10299029283333333,0.03975318952,0.0438586677,0.10238360533333334,0.06003399526666667,0.0859001256,0.181990996,0.09804634333333331,0.07850353373333332,0.014360583666666666,0.008134982911030928,0.1589654709072165,0.04499941882061855,0.12899192245360824,0.09059626326185567
2018-06-01,0.10551033061666668,0.10233140104166667,0.048351322205000005,0.040527032500000004,0.10252754566666666,0.06628132748333335,0.082929519525,0.18461341599999997,0.11913774216666664,0.07205734791666665,0.015437898508333332,0.008226387213402062,0.16075159979381443,0.04550503026804124,0.1304412698969072,0.0916141988041237
2018-07-01,0.1127994471,0.10167250925,0.05694945489,0.0371953973,0.102671486,0.0725286597,0.07995891345,0.187235836,0.14022914099999997,0.0656111621,0.01651521335,0.008317791515773196,0.16253772868041239,0.046010641715463915,0.13189061734020618,0.09263213434639175
2018-08-01,0.12008856358333334,0.10101361745833333,0.06554758757500001,0.0338637621,0.10281542633333333,0.07877599191666668,0.07698830737500001,0.189858256,0.1613205398333333,0.05916497628333332,0.017592528191666665,0.00840919581814433,0.16432385756701032,0.046516253162886594,0.13333996478350515,0.09365006988865979
2018-09-01,0.12737768006666667,0.10035472566666667,0.07414572026,0.0305321269,0.10295936666666666,0.08502332413333334,0.0740177013,0.192480676,0.18241193866666663,0.05271879046666666,0.018669843033333335,0.008500600120515464,0.16610998645360825,0.04702186461030928,0.13478931222680413,0.09466800543092783
2018-10-01,0.13466679655000002,0.099695833875,0.082743852945,0.027200491700000003,0.103103307,0.09127065635,0.071047095225,0.19510309599999998,0.20350333749999996,0.04627260464999999,0.019747157874999997,0.008592004422886598,0.16789611534020618,0.04752747605773196,0.1362386596701031,0.09568594097319587
2018-11-01,0.14195591303333333,0.09903694208333333,0.09134198563000001,0.0238688565,0.10324724733333333,0.09751798856666669,0.06807648915,0.197725516,0.2245947363333333,0.03982641883333332,0.020824472716666667,0.008683408725257732,0.16968224422680414,0.048033087505154635,0.13768800711340207,0.09670387651546392
2018-12-01,0.14924502951666668,0.09837805029166667,0.099940118315,0.0205372213,0.10339118766666668,0.10376532078333334,0.06510588307500001,0.200347936,0.24568613516666662,0.03338023301666665,0.021901787558333333,0.008774813027628867,0.17146837311340207,0.048538698952577314,0.13913735455670104,0.09772181205773195
2019-01-01,0.156534146,0.0977191585,0.108538251,0.0172055861,0.103535128,0.110012653,0.062135277,0.202970356,0.266777534,0.0269340472,0.0229791024,0.00886621733,0.173254502,0.0490443104,0.140586702,0.0987397476
2019-02-01,0.14982575003333334,0.09622382694166667,0.11192962125,0.016646203258333332,0.10445553958333334,0.10860237318333334,0.06412341290000001,0.21148796816666665,0.2660072853333333,0.025500573274999997,0.03695267045,0.0090049141525,0.17247126291666667,0.050741064191666664,0.13103805521666667,0.0986960809
2019-03-01,0.14311735406666667,0.09472849538333333,0.1153209915,0.016086820416666668,0.10537595116666668,0.10719209336666667,0.0661115488,0.22000558033333334,0.26523703666666665,0.02406709935,0.0509262385,0.009143610975,0.17168802383333334,0.05243781798333333,0.12148940843333333,0.0986524142
2019-04-01,0.1364089581,0.09323316382499999,0.11871236175,0.015527437575,0.10629636275,0.10578181355,0.0680996847,0.2285231925,0.264466788,0.022633625424999998,0.06489980655,0.0092823077975,0.17090478475,0.054134571775,0.11194076165,0.0986087475
2019-05-01,0.12970056213333334,0.09173783226666667,0.122103732,0.014968054733333333,0.10721677433333333,0.10437153373333334,0.0700878206,0.23704080466666666,0.2636965393333333,0.0212001515,0.0788733746,0.00942100462,0.17012154566666668,0.055831325566666666,0.10239211486666666,0.0985650808
2019-06-01,0.12299216616666667,0.09024250070833334,0.12549510225,0.014408671891666665,0.10813718591666667,0.10296125391666668,0.07207595650000001,0.24555841683333332,0.2629262906666666,0.019766677575,0.09284694265000001,0.0095597014425,0.16933830658333335,0.05752807935833333,0.09284346808333332,0.0985214141
2019-07-01,0.1162837702,0.08874716915,0.12888647250000002,0.01384928905,0.10905759749999999,0.1015509741,0.0740640924,0.254076029,0.262156042,0.018333203649999998,0.10682051070000001,0.009698398265,0.1685550675,0.059224833149999996,0.0832948213,0.0984777474
2019-08-01,0.10957537423333333,0.08725183759166666,0.13227784274999999,0.013289906208333334,0.10997800908333333,0.10014069428333333,0.0760522283,0.26259364116666667,0.26138579333333334,0.016899729725,0.12079407875,0.009837095087499999,0.16777182841666666,0.06092158694166666,0.07374617451666667,0.0984340807
2019-09-01,0.10286697826666666,0.08575650603333333,0.135669213,0.012730523366666666,0.11089842066666666,0.09873041446666667,0.0780403642,0.2711112533333333,0.26061554466666664,0.0154662558,0.1347676468,0.00997579191,0.16698858933333333,0.06261834073333333,0.06419752773333333,0.098390414
2019-10-01,0.09615858229999999,0.084261174475,0.13906058325,0.012171140524999999,0.11181883225,0.09732013465,0.08002850010000001,0.2796288655,0.25984529599999995,0.014032781875,0.14874121485000003,0.0101144887325,0.16620535025,0.06431509452499999,0.05464888094999999,0.0983467473
2019-11-01,0.08945018633333333,0.08276584291666667,0.1424519535,0.011611757683333333,0.11273924383333334,0.09590985483333334,0.082016636,0.2881464776666667,0.2590750473333333,0.012599307950000001,0.16271478290000002,0.010253185554999999,0.16542211116666666,0.06601184831666666,0.045100234166666656,0.0983030806
2019-12-01,0.08274179036666666,0.08127051135833332,0.14584332375,0.011052374841666667,0.11365965541666666,0.09449957501666667,0.0840047719,0.29666408983333337,0.25830479866666667,0.011165834025000002,0.17668835095000002,0.0103918823775,0.16463887208333333,0.06770860210833332,0.03555158738333332,0.0982594139
2020-01-01,0.0760333944,0.0797751798,0.149234694,0.010492992,0.114580067,0.0930892952,0.0859929078,0.305181702,0.25753455,0.0097323601,0.190661919,0.0105305792,0.163855633,0.0694053559,0.0260029406,0.0982157472
2020-02-01,0.072098622575,0.08110145156666666,0.14942473216666666,0.011639073558333332,0.11833784758333332,0.0899075693,0.0896382954,0.30641043891666664,0.26040113391666664,0.009875424441666667,0.179205727375,0.010988705816666666,0.16455436816666666,0.07106668114166666,0.036365268633333336,0.09807464133333332
2020-03-01,0.06816385074999999,0.08242772333333333,0.14961477033333334,0.012785155116666667,0.12209562816666666,0.0867258434,0.093283683,0.30763917583333333,0.2632677178333333,0.010018488783333333,0.16774953575,0.011446832433333332,0.16525310333333332,0.07272800638333332,0.04672759666666666,0.09793353546666667
2020-04-01,0.06422907892499999,0.0837539951,0.1498048085,0.013931236675,0.12585340875,0.0835441175,0.0969290706,0.30886791275000003,0.26613430174999997,0.010161553125,0.156293344125,0.011904959049999999,0.1659518385,0.074389331625,0.0570899247,0.0977924296
2020-05-01,0.0602943071,0.08508026686666667,0.14999484666666665,0.015077318233333335,0.12961118933333332,0.0803623916,0.10057445820000001,0.31009664966666667,0.26900088566666663,0.010304617466666667,0.1448371525,0.012363085666666666,0.16665057366666666,0.07605065686666666,0.06745225273333333,0.09765132373333334
2020-06-01,0.056359535275,0.08640653863333334,0.15018488483333334,0.01622339979166667,0.13336896991666666,0.07718066570000001,0.1042198458,0.3113253865833333,0.2718674695833333,0.010447681808333333,0.133380960875,0.012821212283333333,0.16734930883333332,0.07771198210833333,0.07781458076666667,0.09751021786666667
2020-07-01,0.052424763449999995,0.0877328104,0.150374923,0.01736948135,0.1371267505,0.0739989398,0.10786523340000001,0.3125541235,0.2747340535,0.01059074615,0.12192476925000001,0.0132793389,0.168048044,0.07937330735,0.0881769088,0.09736911200000001
2020-08-01,0.04848999162499999,0.08905908216666666,0.15056496116666665,0.018515562908333335,0.14088453108333332,0.07081721390000001,0.111510621,0.3137828604166667,0.2776006374166667,0.010733810491666667,0.11046857762500001,0.013737465516666665,0.16874677916666667,0.08103463259166667,0.09853923683333332,0.09722800613333334
2020-09-01,0.0445552198,0.09038535393333333,0.15075499933333333,0.01966164446666667,0.14464231166666666,0.06763548800000001,0.1151560086,0.31501159733333334,0.28046722133333335,0.010876874833333333,0.09901238600000001,0.014195592133333332,0.16944551433333332,0.08269595783333333,0.10890156486666666,0.09708690026666666
2020-10-01,0.040620447974999994,0.0917116257,0.1509450375,0.020807726025,0.14840009225,0.0644537621,0.11880139619999999,0.31624033425,0.28333380525,0.011019939175,0.08755619437500001,0.01465371875,0.17014424949999998,0.084357283075,0.1192638929,0.09694579440000001
2020-11-01,0.03668567615,0.09303789746666667,0.15113507566666665,0.021953807583333335,0.15215787283333332,0.061272036200000005,0.1224467838,0.31746907116666667,0.2862003891666667,0.011163003516666667,0.07610000275,0.015111845366666665,0.17084298466666664,0.08601860831666666,0.12962622093333334,0.09680468853333334
2020-12-01,0.032750904324999996,0.09436416923333334,0.15132511383333333,0.02309988914166667,0.15591565341666666,0.0580903103,0.1260921714,0.31869780808333337,0.28906697308333335,0.011306067858333333,0.064643811125,0.015569971983333332,0.17154171983333333,0.08767993355833334,0.13998854896666665,0.09666358266666668
2021-01-01,0.0288161325,0.095690441,0.151515152,0.0242459707,0.159673434,0.0549085844,0.129737559,0.319926545,0.291933557,0.0114491322,0.0531876195,0.0160280986,0.172240455,0.0893412588,0.150350877,0.0965224768
2021-02-01,0.05662346695833334,0.11116037291666667,0.16238281191666665,0.039598801308333334,0.18409773258333334,0.060720666283333335,0.1437312785,0.345742657,0.3019560480833333,0.0737316601,0.067884544625,0.025421400716666667,0.18333776433333332,0.09996167181666667,0.16512624033333334,0.11416269648333334
2021-03-01,0.08443080141666667,0.12663030483333332,0.1732504718333333,0.05495163191666667,0.20852203116666668,0.06653274816666667,0.157724998,0.371558769,0.3119785391666667,0.136014188,0.08258146975,0.034814702833333336,0.19443507366666665,0.11058208483333334,0.17990160366666666,0.13180291616666667
2021-04-01,0.112238135875,0.14210023675,0.18411813174999997,0.070304462525,0.23294632975000001,0.07234483005,0.1717187175,0.397374881,0.32200103025000004,0.1982967159,0.09727839487500001,0.04420800495,0.20553238299999999,0.12120249785000001,0.19467696699999998,0.14944313585
2021-05-01,0.14004547033333334,0.15757016866666668,0.19498579166666666,0.08565729313333334,0.25737062833333335,0.07815691193333334,0.185712437,0.423190993,0.33202352133333335,0.2605792438,0.11197532,0.053601307066666666,0.21662969233333332,0.13182291086666667,0.20945233033333333,0.1670833555333333
2021-06-01,0.1678528047916667,0.17304010058333333,0.20585345158333332,0.10101012374166668,0.2817949269166667,0.08396899381666667,0.1997061565,0.44900710499999996,0.34204601241666666,0.3228617717,0.126672245125,0.06299460918333333,0.22772700166666665,0.14244332388333336,0.22422769366666667,0.18472357521666666
2021-07-01,0.19566013925000003,0.18851003249999998,0.21672111149999998,0.11636295434999999,0.3062192255,0.0897810757,0.213699876,0.47482321699999996,0.3520685035,0.3851442996,0.14136917025,0.0723879113,0.238824311,0.15306373690000002,0.239003057,0.20236379489999998
2021-08-01,0.22346747370833336,0.20397996441666666,0.22758877141666667,0.13171578495833333,0.3306435240833333,0.09559315758333334,0.2276935955,0.500639329,0.3620909945833334,0.4474268275,0.15606609537500002,0.08178121341666666,0.24992162033333332,0.1636841499166667,0.2537784203333333,0.2200040145833333
2021-09-01,0.2512748081666667,0.21944989633333334,0.23845643133333333,0.14706861556666667,0.3550678226666667,0.10140523946666667,0.241687315,0.526455441,0.3721134856666667,0.5097093554000001,0.1707630205,0.09117451553333333,0.2610189296666667,0.17430456293333335,0.26855378366666666,0.23764423426666664
2021-10-01,0.27908214262500003,0.23491982825000002,0.24932409125,0.162421446175,0.37949212125,0.10721732135,0.2556810345,0.552271553,0.38213597675,0.5719918833000001,0.185459945625,0.10056781765,0.272116239,0.18492497595000001,0.283329147,0.25528445395
2021-11-01,0.30688947708333336,0.25038976016666664,0.26019175116666665,0.17777427678333335,0.4039164198333334,0.11302940323333334,0.269674754,0.578087665,0.39215846783333336,0.6342744112,0.20015687075000002,0.10996111976666667,0.28321354833333334,0.19554538896666668,0.2981045103333333,0.2729246736333333
2021-12-01,0.3346968115416667,0.2658596920833333,0.2710594110833333,0.19312710739166666,0.42834071841666665,0.11884148511666667,0.2836684735,0.603903777,0.4021809589166667,0.6965569391,0.21485379587500003,0.11935442188333334,0.29431085766666665,0.20616580198333334,0.31287987366666664,0.29056489331666663
2022-01-01,0.362504146,0.281329624,0.281927071,0.208479938,0.452765017,0.124653567,0.297662193,0.629719889,0.41220345,0.758839467,0.229550721,0.128747724,0.305408167,0.216786215,0.327655237,0.308205113
